datetime,open,high,low,close,volume
2019-06-04 00:00:00+00:00,8115.66,8115.66,8050.0,8050.0,374.772708
2019-06-04 00:01:00+00:00,8050.02,8057.11,8010.0,8056.54,445.354256
2019-06-04 00:02:00+00:00,8056.53,8085.46,8052.6,8062.42,166.262576
2019-06-04 00:03:00+00:00,8063.43,8063.43,8010.0,8026.58,249.024563
2019-06-04 00:04:00+00:00,8026.38,8064.23,8000.0,8000.0,329.634252
2019-06-04 00:05:00+00:00,8001.0,8003.47,7920.0,7921.4,809.08451
2019-06-04 00:06:00+00:00,7921.4,7949.98,7889.0,7889.01,290.790385
2019-06-04 00:07:00+00:00,7889.01,7891.96,7780.4,7850.03,690.753005
2019-06-04 00:08:00+00:00,7855.96,7880.0,7850.0,7850.0,370.570646
2019-06-04 00:09:00+00:00,7850.0,7868.79,7842.0,7842.03,364.428024
2019-06-04 00:10:00+00:00,7842.03,7905.12,7836.9,7905.11,308.219647
2019-06-04 00:11:00+00:00,7905.11,7962.01,7902.25,7931.6,264.169929
2019-06-04 00:12:00+00:00,7931.6,7931.6,7900.99,7908.05,252.20502
2019-06-04 00:13:00+00:00,7908.05,7933.6,7901.0,7933.01,228.392726
2019-06-04 00:14:00+00:00,7933.01,7950.07,7919.68,7947.95,220.72176
2019-06-04 00:15:00+00:00,7947.95,7960.09,7943.59,7959.93,160.464681
2019-06-04 00:16:00+00:00,7958.5,7985.0,7956.0,7982.02,206.055844
2019-06-04 00:17:00+00:00,7982.11,8010.02,7980.0,7999.4,210.265458
2019-06-04 00:18:00+00:00,8001.41,8033.82,7999.2,8028.03,163.983821
2019-06-04 00:19:00+00:00,8028.03,8030.93,7995.85,8000.06,240.476102
2019-06-04 00:20:00+00:00,8000.08,8005.82,7920.0,7954.66,225.054792
2019-06-04 00:21:00+00:00,7954.66,7989.92,7936.68,7950.4,206.269927
2019-06-04 00:22:00+00:00,7945.85,8000.0,7945.8,7987.77,134.536147
2019-06-04 00:23:00+00:00,7988.06,8010.2,7980.52,8010.2,111.382745
2019-06-04 00:24:00+00:00,8010.2,8021.23,8000.0,8000.54,157.106702
2019-06-04 00:25:00+00:00,8000.54,8004.54,7977.0,7992.24,114.520412
2019-06-04 00:26:00+00:00,7990.02,8010.02,7977.03,8005.43,125.117439
2019-06-04 00:27:00+00:00,8005.44,8009.24,7990.75,8003.39,74.27284
2019-06-04 00:28:00+00:00,8007.4,8014.24,7985.78,8000.0,90.508017
2019-06-04 00:29:00+00:00,8000.09,8004.44,7971.0,7982.12,62.632228
2019-06-04 00:30:00+00:00,7985.7,7987.62,7967.0,7971.08,84.29742
2019-06-04 00:31:00+00:00,7969.57,7978.99,7955.1,7975.0,86.310345
2019-06-04 00:32:00+00:00,7975.0,7978.96,7955.13,7968.29,55.920057
2019-06-04 00:33:00+00:00,7971.42,7993.83,7962.75,7993.05,45.233279
2019-06-04 00:34:00+00:00,7992.79,8010.0,7990.0,8000.73,87.078679
2019-06-04 00:35:00+00:00,7998.07,8020.0,7997.01,8008.96,80.383356
2019-06-04 00:36:00+00:00,8005.95,8010.0,7985.46,7999.77,62.392344
2019-06-04 00:37:00+00:00,7999.77,8009.83,7989.49,7995.45,84.919321
2019-06-04 00:38:00+00:00,7995.35,8007.0,7960.02,7971.74,79.216082
2019-06-04 00:39:00+00:00,7972.65,7985.08,7960.04,7981.93,81.340751
2019-06-04 00:40:00+00:00,7984.18,7985.61,7944.23,7953.38,121.377688
2019-06-04 00:41:00+00:00,7952.23,7969.44,7936.46,7966.21,178.340988
2019-06-04 00:42:00+00:00,7966.21,7995.76,7965.07,7969.27,78.790393
2019-06-04 00:43:00+00:00,7969.28,7989.6,7969.27,7988.88,72.484159
2019-06-04 00:44:00+00:00,7988.15,7996.79,7977.23,7988.84,87.84182
2019-06-04 00:45:00+00:00,7988.86,7997.9,7982.75,7995.1,37.164568
2019-06-04 00:46:00+00:00,7995.11,8003.74,7988.8,8002.25,68.406718
2019-06-04 00:47:00+00:00,8002.25,8002.26,7981.59,7985.38,40.590067
2019-06-04 00:48:00+00:00,7985.39,7999.81,7985.17,7991.99,29.459726
2019-06-04 00:49:00+00:00,7992.64,8004.96,7988.8,8001.08,65.690918
2019-06-04 00:50:00+00:00,8003.45,8006.86,7996.15,8004.0,31.950418
2019-06-04 00:51:00+00:00,8003.86,8006.86,7997.89,8000.0,51.152134
2019-06-04 00:52:00+00:00,8000.11,8012.99,7996.99,8000.0,333.828524
2019-06-04 00:53:00+00:00,7998.26,8010.0,7997.03,8005.91,48.420312
2019-06-04 00:54:00+00:00,8004.57,8010.0,7990.97,7994.21,59.689177
2019-06-04 00:55:00+00:00,7997.52,7997.52,7971.65,7980.78,62.866367
2019-06-04 00:56:00+00:00,7978.06,7983.54,7962.94,7973.95,115.301925
2019-06-04 00:57:00+00:00,7971.29,7973.07,7960.1,7971.24,42.095854
2019-06-04 00:58:00+00:00,7969.81,7979.88,7966.28,7979.88,49.53423
2019-06-04 00:59:00+00:00,7979.88,7994.04,7975.02,7988.13,34.110218
2019-06-04 01:00:00+00:00,7989.98,8000.25,7988.13,7999.96,44.508997
2019-06-04 01:01:00+00:00,7999.93,8003.51,7978.03,7995.56,56.817138
2019-06-04 01:02:00+00:00,7994.84,7995.94,7986.19,7992.23,35.125005
2019-06-04 01:03:00+00:00,7991.81,8000.0,7989.14,7996.9,57.038336
2019-06-04 01:04:00+00:00,7996.9,8008.0,7994.86,8008.0,40.876322
2019-06-04 01:05:00+00:00,8004.02,8014.09,8004.02,8014.09,51.042436
2019-06-04 01:06:00+00:00,8012.77,8015.0,8009.45,8014.85,41.404882
2019-06-04 01:07:00+00:00,8013.82,8032.53,8013.82,8029.46,103.734092
2019-06-04 01:08:00+00:00,8029.63,8035.31,8025.0,8028.85,155.293121
2019-06-04 01:09:00+00:00,8030.24,8034.98,8025.05,8028.94,43.108492
2019-06-04 01:10:00+00:00,8027.32,8028.9,8014.29,8020.18,61.009194
2019-06-04 01:11:00+00:00,8020.11,8030.0,8017.12,8029.55,40.711
2019-06-04 01:12:00+00:00,8029.55,8039.79,8029.11,8039.79,81.794171
2019-06-04 01:13:00+00:00,8039.79,8059.0,8039.79,8051.92,96.122892
2019-06-04 01:14:00+00:00,8051.93,8067.99,8051.92,8059.97,100.366619
2019-06-04 01:15:00+00:00,8059.78,8060.0,8044.83,8052.4,96.770806
2019-06-04 01:16:00+00:00,8051.89,8053.0,8040.59,8048.96,55.220876
2019-06-04 01:17:00+00:00,8047.98,8059.0,8047.98,8058.78,76.747134
2019-06-04 01:18:00+00:00,8058.79,8059.84,8052.73,8052.76,79.874522
2019-06-04 01:19:00+00:00,8053.03,8058.67,8035.85,8048.87,55.505951
2019-06-04 01:20:00+00:00,8048.88,8050.02,8034.22,8036.2,35.535128
2019-06-04 01:21:00+00:00,8035.27,8038.06,8022.08,8031.11,54.947822
2019-06-04 01:22:00+00:00,8031.15,8039.0,8027.2,8030.44,35.068676
2019-06-04 01:23:00+00:00,8034.92,8047.13,8030.02,8043.77,46.985522
2019-06-04 01:24:00+00:00,8043.96,8047.15,8038.03,8046.58,53.495545
2019-06-04 01:25:00+00:00,8047.0,8049.0,8037.16,8041.27,48.961057
2019-06-04 01:26:00+00:00,8038.53,8048.64,8035.39,8042.56,24.674348
2019-06-04 01:27:00+00:00,8042.65,8049.0,8036.02,8040.85,169.382605
2019-06-04 01:28:00+00:00,8040.77,8041.7,8031.86,8039.31,34.620081
2019-06-04 01:29:00+00:00,8039.34,8045.93,8036.73,8043.69,26.535222
2019-06-04 01:30:00+00:00,8042.57,8044.46,8035.88,8041.89,54.855629
2019-06-04 01:31:00+00:00,8041.87,8043.39,8040.01,8043.37,39.988298
2019-06-04 01:32:00+00:00,8043.33,8049.0,8039.94,8040.0,71.419052
2019-06-04 01:33:00+00:00,8040.0,8040.0,8035.03,8037.86,71.811296
2019-06-04 01:34:00+00:00,8037.86,8040.0,8036.67,8038.6,25.538226
2019-06-04 01:35:00+00:00,8038.0,8039.6,8026.18,8027.77,45.277166
2019-06-04 01:36:00+00:00,8028.82,8029.0,8012.78,8019.55,85.48343
2019-06-04 01:37:00+00:00,8019.67,8019.7,8003.41,8006.3,55.054371
2019-06-04 01:38:00+00:00,8006.3,8006.3,7990.0,7993.49,80.368151
2019-06-04 01:39:00+00:00,7990.12,8007.9,7990.0,8007.0,46.352839
2019-06-04 01:40:00+00:00,8005.24,8008.01,7990.0,7990.0,92.290855
2019-06-04 01:41:00+00:00,7990.0,7993.13,7968.0,7980.22,120.269254
2019-06-04 01:42:00+00:00,7981.67,7994.94,7978.57,7983.1,65.726918
2019-06-04 01:43:00+00:00,7984.15,7990.0,7980.0,7980.29,39.577285
2019-06-04 01:44:00+00:00,7980.0,7988.99,7977.56,7983.27,17.132016
2019-06-04 01:45:00+00:00,7980.36,8005.35,7980.36,8001.17,134.70253
2019-06-04 01:46:00+00:00,8004.15,8020.58,7998.65,8009.73,91.309358
2019-06-04 01:47:00+00:00,8009.71,8016.26,7998.97,8004.29,59.197269
2019-06-04 01:48:00+00:00,8004.24,8024.48,8000.75,8017.72,19.091515
2019-06-04 01:49:00+00:00,8017.86,8022.03,8012.0,8020.12,39.53684
2019-06-04 01:50:00+00:00,8020.11,8028.0,8015.33,8026.69,21.063132
2019-06-04 01:51:00+00:00,8028.0,8032.74,8016.66,8021.82,26.691479
2019-06-04 01:52:00+00:00,8023.73,8029.63,8014.92,8015.71,34.121531
2019-06-04 01:53:00+00:00,8015.05,8023.24,8000.71,8021.05,31.044254
2019-06-04 01:54:00+00:00,8018.93,8023.64,8008.03,8014.68,30.135271
2019-06-04 01:55:00+00:00,8015.43,8019.64,8011.01,8019.14,14.153696
2019-06-04 01:56:00+00:00,8022.69,8026.83,8016.42,8021.22,21.682803
2019-06-04 01:57:00+00:00,8021.22,8032.22,8018.94,8025.25,21.894119
2019-06-04 01:58:00+00:00,8023.62,8026.12,8019.0,8024.18,17.077137
2019-06-04 01:59:00+00:00,8021.47,8029.18,8020.0,8026.47,20.852641
2019-06-04 02:00:00+00:00,8026.51,8030.0,8022.72,8026.27,33.46191
2019-06-04 02:01:00+00:00,8023.76,8029.89,8018.0,8019.42,21.734202
2019-06-04 02:02:00+00:00,8019.52,8025.88,8014.7,8014.7,40.161022
2019-06-04 02:03:00+00:00,8018.48,8022.34,8015.0,8015.83,27.737923
2019-06-04 02:04:00+00:00,8015.01,8015.91,8000.0,8008.69,39.975299
2019-06-04 02:05:00+00:00,8008.69,8015.16,8006.3,8007.56,17.719079
2019-06-04 02:06:00+00:00,8007.52,8011.0,8002.01,8004.93,31.716443
2019-06-04 02:07:00+00:00,8004.86,8004.86,7987.0,7988.56,99.344269
2019-06-04 02:08:00+00:00,7988.56,7994.88,7983.74,7986.16,48.289115
2019-06-04 02:09:00+00:00,7986.16,7997.54,7981.0,7996.17,39.700741
2019-06-04 02:10:00+00:00,7992.68,7995.94,7983.38,7984.99,33.780017
2019-06-04 02:11:00+00:00,7984.82,7995.74,7981.0,7989.81,29.21233
2019-06-04 02:12:00+00:00,7989.8,7995.73,7988.46,7993.56,36.848571
2019-06-04 02:13:00+00:00,7992.59,8004.9,7991.99,8004.9,24.819199
2019-06-04 02:14:00+00:00,8005.88,8013.99,8002.01,8012.01,19.155945
2019-06-04 02:15:00+00:00,8012.04,8015.9,8007.36,8010.77,17.670403
2019-06-04 02:16:00+00:00,8010.78,8019.16,8004.61,8013.54,13.845139
2019-06-04 02:17:00+00:00,8015.75,8025.0,8014.9,8022.68,20.327958
2019-06-04 02:18:00+00:00,8022.68,8024.97,8001.92,8010.88,43.761021
2019-06-04 02:19:00+00:00,8012.55,8013.78,7991.86,8001.23,33.873051
2019-06-04 02:20:00+00:00,8001.26,8005.66,7992.53,7999.34,18.534357
2019-06-04 02:21:00+00:00,8001.96,8001.96,7990.18,7995.45,20.022951
2019-06-04 02:22:00+00:00,7995.37,8003.13,7990.24,8001.12,17.049393
2019-06-04 02:23:00+00:00,8000.03,8017.47,8000.03,8014.29,59.862066
2019-06-04 02:24:00+00:00,8012.55,8019.39,8008.38,8014.21,19.814386
2019-06-04 02:25:00+00:00,8014.91,8015.97,7995.42,8009.17,80.292206
2019-06-04 02:26:00+00:00,8011.89,8014.0,8004.11,8007.7,15.288554
2019-06-04 02:27:00+00:00,8009.19,8009.98,8004.77,8009.56,17.223144
2019-06-04 02:28:00+00:00,8009.54,8015.0,8008.93,8008.93,68.025182
2019-06-04 02:29:00+00:00,8010.0,8014.49,8010.0,8012.58,15.234297
2019-06-04 02:30:00+00:00,8012.42,8029.85,8011.33,8027.27,42.433696
2019-06-04 02:31:00+00:00,8027.27,8029.25,8015.79,8023.63,71.977338
2019-06-04 02:32:00+00:00,8022.74,8034.26,8020.49,8031.42,31.92927
2019-06-04 02:33:00+00:00,8031.53,8039.34,8024.28,8031.31,16.944251
2019-06-04 02:34:00+00:00,8029.75,8034.11,8020.65,8025.04,25.559022
2019-06-04 02:35:00+00:00,8025.04,8028.3,8022.33,8025.0,10.089231
2019-06-04 02:36:00+00:00,8025.0,8033.23,8025.0,8030.04,16.505483
2019-06-04 02:37:00+00:00,8030.03,8039.17,8028.13,8036.29,20.427371
2019-06-04 02:38:00+00:00,8036.28,8037.93,8030.12,8031.28,19.572221
2019-06-04 02:39:00+00:00,8031.25,8032.29,8031.01,8032.21,16.383659
2019-06-04 02:40:00+00:00,8032.29,8035.0,8031.0,8032.15,23.293729
2019-06-04 02:41:00+00:00,8032.15,8034.99,8031.11,8032.64,16.652711
2019-06-04 02:42:00+00:00,8032.64,8035.0,8032.3,8035.0,30.058717
2019-06-04 02:43:00+00:00,8035.0,8039.65,8019.57,8022.48,40.753326
2019-06-04 02:44:00+00:00,8023.21,8030.0,8022.49,8029.68,15.767957
2019-06-04 02:45:00+00:00,8026.92,8029.39,8011.3,8015.09,76.04039
2019-06-04 02:46:00+00:00,8017.2,8020.32,8008.0,8019.42,13.619226
2019-06-04 02:47:00+00:00,8018.67,8020.65,8016.57,8019.02,10.120805
2019-06-04 02:48:00+00:00,8019.0,8029.77,8019.0,8027.67,10.67112
2019-06-04 02:49:00+00:00,8028.0,8029.66,8024.26,8028.02,14.425963
2019-06-04 02:50:00+00:00,8028.02,8030.0,8026.27,8027.36,7.912756
2019-06-04 02:51:00+00:00,8028.33,8034.95,8024.31,8031.94,97.539952
2019-06-04 02:52:00+00:00,8032.81,8038.01,8025.82,8029.89,44.723438
2019-06-04 02:53:00+00:00,8028.52,8034.99,8027.92,8032.21,74.928977
2019-06-04 02:54:00+00:00,8032.56,8035.0,8028.0,8028.63,29.482869
2019-06-04 02:55:00+00:00,8028.23,8030.99,8022.24,8029.84,33.416606
2019-06-04 02:56:00+00:00,8026.89,8030.87,8026.87,8030.78,7.862596
2019-06-04 02:57:00+00:00,8030.78,8033.52,8028.56,8031.0,20.843268
2019-06-04 02:58:00+00:00,8033.37,8039.78,8030.0,8037.12,27.280158
2019-06-04 02:59:00+00:00,8037.12,8044.98,8035.9,8042.1,39.349614
2019-06-04 03:00:00+00:00,8042.1,8042.1,8034.84,8036.32,17.750796
2019-06-04 03:01:00+00:00,8035.63,8036.32,8027.65,8031.54,23.992245
2019-06-04 03:02:00+00:00,8031.55,8038.59,8030.0,8037.67,15.597496
2019-06-04 03:03:00+00:00,8036.34,8038.88,8030.81,8035.14,11.645586
2019-06-04 03:04:00+00:00,8035.14,8037.92,8031.87,8033.43,26.338079
2019-06-04 03:05:00+00:00,8033.56,8033.61,8020.86,8024.89,44.762872
2019-06-04 03:06:00+00:00,8024.89,8029.86,8023.76,8027.09,29.516267
2019-06-04 03:07:00+00:00,8029.13,8029.71,8019.01,8028.46,31.440601
2019-06-04 03:08:00+00:00,8029.33,8033.61,8027.36,8030.01,39.461763
2019-06-04 03:09:00+00:00,8030.01,8030.01,8025.05,8025.05,17.730722
2019-06-04 03:10:00+00:00,8025.05,8029.5,8024.26,8027.51,27.50571
2019-06-04 03:11:00+00:00,8027.95,8029.54,8019.01,8020.15,28.674176
2019-06-04 03:12:00+00:00,8020.15,8020.17,8006.95,8013.14,32.186963
2019-06-04 03:13:00+00:00,8013.13,8022.53,8012.2,8017.57,23.585938
2019-06-04 03:14:00+00:00,8017.8,8017.95,8012.12,8013.98,18.577401
2019-06-04 03:15:00+00:00,8013.98,8014.8,8006.35,8007.28,34.065351
2019-06-04 03:16:00+00:00,8006.36,8014.83,8006.1,8012.21,23.400702
2019-06-04 03:17:00+00:00,8013.65,8019.0,8010.04,8014.91,28.28833
2019-06-04 03:18:00+00:00,8013.83,8018.93,8013.42,8016.05,17.878006
2019-06-04 03:19:00+00:00,8016.05,8016.05,8006.0,8006.0,22.150713
2019-06-04 03:20:00+00:00,8006.0,8014.67,8005.0,8008.01,30.366592
2019-06-04 03:21:00+00:00,8008.0,8010.07,8002.01,8002.01,37.45191
2019-06-04 03:22:00+00:00,8002.04,8002.04,7990.0,7995.46,60.337544
2019-06-04 03:23:00+00:00,7994.94,8007.72,7992.16,8002.63,40.45655
2019-06-04 03:24:00+00:00,8003.12,8007.3,7998.96,8005.37,26.542506
2019-06-04 03:25:00+00:00,8005.35,8014.53,8003.86,8014.53,11.171105
2019-06-04 03:26:00+00:00,8014.3,8023.68,8012.11,8015.29,25.425379
2019-06-04 03:27:00+00:00,8015.22,8016.0,8013.93,8015.62,8.54045
2019-06-04 03:28:00+00:00,8015.16,8015.97,8008.27,8008.27,14.908097
2019-06-04 03:29:00+00:00,8008.27,8013.66,8005.89,8008.96,17.614153
2019-06-04 03:30:00+00:00,8008.87,8015.0,7984.92,7989.36,86.796476
2019-06-04 03:31:00+00:00,7992.53,7992.95,7980.0,7985.52,48.781787
2019-06-04 03:32:00+00:00,7985.52,7992.48,7975.84,7978.98,37.018397
2019-06-04 03:33:00+00:00,7975.85,7989.33,7975.3,7985.06,58.314941
2019-06-04 03:34:00+00:00,7985.06,7993.36,7985.05,7993.31,25.368518
2019-06-04 03:35:00+00:00,7993.31,7996.34,7986.86,7989.73,31.03919
2019-06-04 03:36:00+00:00,7985.75,8004.19,7985.63,8002.23,52.535247
2019-06-04 03:37:00+00:00,8002.23,8005.0,8000.0,8000.0,170.545037
2019-06-04 03:38:00+00:00,8000.0,8006.75,8000.0,8006.75,66.107134
2019-06-04 03:39:00+00:00,8006.75,8015.95,8003.22,8013.95,30.712504
2019-06-04 03:40:00+00:00,8012.48,8012.77,8000.0,8001.56,17.603991
2019-06-04 03:41:00+00:00,8002.92,8008.16,8000.83,8005.1,17.43133
2019-06-04 03:42:00+00:00,8004.1,8004.1,8000.51,8002.78,17.842618
2019-06-04 03:43:00+00:00,8002.76,8010.0,8000.51,8009.53,31.267679
2019-06-04 03:44:00+00:00,8008.23,8010.88,7988.88,7989.98,474.977076
2019-06-04 03:45:00+00:00,7989.96,7995.89,7982.28,7986.55,42.894088
2019-06-04 03:46:00+00:00,7986.94,7987.99,7976.02,7976.08,16.152113
2019-06-04 03:47:00+00:00,7976.07,7982.22,7961.06,7970.01,82.932833
2019-06-04 03:48:00+00:00,7971.67,7971.67,7908.51,7954.27,166.690727
2019-06-04 03:49:00+00:00,7954.83,7971.39,7954.21,7959.63,33.993722
2019-06-04 03:50:00+00:00,7957.95,7969.98,7946.15,7969.98,30.776382
2019-06-04 03:51:00+00:00,7969.07,7976.08,7962.3,7969.9,25.823737
2019-06-04 03:52:00+00:00,7968.22,7980.0,7967.93,7978.11,22.83494
2019-06-04 03:53:00+00:00,7979.96,7981.71,7973.0,7973.0,38.537184
2019-06-04 03:54:00+00:00,7973.72,7977.24,7965.22,7968.02,23.561219
2019-06-04 03:55:00+00:00,7968.02,7968.04,7954.89,7955.0,27.604676
2019-06-04 03:56:00+00:00,7958.87,7958.87,7948.59,7954.35,58.512056
2019-06-04 03:57:00+00:00,7954.35,7955.0,7933.02,7942.0,44.726655
2019-06-04 03:58:00+00:00,7942.0,7945.21,7900.35,7922.97,125.779772
2019-06-04 03:59:00+00:00,7924.29,7926.01,7879.0,7895.93,205.463559
2019-06-04 04:00:00+00:00,7895.91,7934.99,7888.94,7931.41,103.105704
2019-06-04 04:01:00+00:00,7931.41,7953.88,7915.02,7949.67,118.749815
2019-06-04 04:02:00+00:00,7949.44,7949.45,7919.94,7928.66,71.47143
2019-06-04 04:03:00+00:00,7931.24,7939.62,7926.18,7930.88,30.303667
2019-06-04 04:04:00+00:00,7930.88,7949.09,7925.74,7948.94,49.671307
2019-06-04 04:05:00+00:00,7946.67,7956.11,7928.5,7938.92,54.425106
2019-06-04 04:06:00+00:00,7942.83,7945.38,7927.02,7927.23,21.494927
2019-06-04 04:07:00+00:00,7927.63,7935.98,7902.24,7907.91,56.351679
2019-06-04 04:08:00+00:00,7907.63,7919.23,7878.22,7890.94,110.17709
2019-06-04 04:09:00+00:00,7892.86,7939.99,7891.0,7933.92,225.03932
2019-06-04 04:10:00+00:00,7933.92,7948.99,7930.0,7933.74,134.651055
2019-06-04 04:11:00+00:00,7933.74,7935.11,7907.38,7914.1,190.407087
2019-06-04 04:12:00+00:00,7914.31,7916.59,7900.0,7906.42,67.361109
2019-06-04 04:13:00+00:00,7907.74,7917.77,7886.66,7908.24,122.842263
2019-06-04 04:14:00+00:00,7908.27,7910.5,7894.13,7903.54,47.637234
2019-06-04 04:15:00+00:00,7901.38,7926.53,7901.37,7924.48,300.625151
2019-06-04 04:16:00+00:00,7924.48,7938.27,7921.13,7938.27,39.738758
2019-06-04 04:17:00+00:00,7938.62,7939.69,7922.07,7927.41,29.178506
2019-06-04 04:18:00+00:00,7928.2,7943.47,7924.26,7942.97,30.268598
2019-06-04 04:19:00+00:00,7943.07,7950.0,7942.31,7946.96,37.835383
2019-06-04 04:20:00+00:00,7945.21,7948.02,7924.54,7935.0,35.181417
2019-06-04 04:21:00+00:00,7935.0,7949.7,7933.29,7943.07,54.762896
2019-06-04 04:22:00+00:00,7943.31,7972.29,7943.31,7969.64,78.34586
2019-06-04 04:23:00+00:00,7965.88,7973.99,7959.01,7972.07,36.998593
2019-06-04 04:24:00+00:00,7972.06,7977.0,7965.82,7966.61,40.123729
2019-06-04 04:25:00+00:00,7966.61,7973.44,7962.8,7965.52,26.54991
2019-06-04 04:26:00+00:00,7965.06,7965.06,7950.0,7960.0,29.3474
2019-06-04 04:27:00+00:00,7958.99,7963.68,7949.77,7953.87,75.178367
2019-06-04 04:28:00+00:00,7953.59,7967.88,7951.0,7967.88,34.592488
2019-06-04 04:29:00+00:00,7966.02,7970.0,7962.01,7967.0,13.54621
2019-06-04 04:30:00+00:00,7968.62,7980.54,7965.91,7971.01,119.708237
2019-06-04 04:31:00+00:00,7971.01,7973.66,7963.0,7967.21,29.912184
2019-06-04 04:32:00+00:00,7967.21,7970.9,7964.62,7969.42,21.309512
2019-06-04 04:33:00+00:00,7968.38,7976.27,7961.75,7972.88,35.168257
2019-06-04 04:34:00+00:00,7976.0,7980.55,7970.38,7971.22,16.262289
2019-06-04 04:35:00+00:00,7971.84,7974.68,7956.74,7960.48,38.557795
2019-06-04 04:36:00+00:00,7959.68,7963.52,7947.33,7947.33,13.902859
2019-06-04 04:37:00+00:00,7948.59,7949.82,7945.22,7946.01,11.73346
2019-06-04 04:38:00+00:00,7945.1,7946.46,7938.54,7943.49,22.29927
2019-06-04 04:39:00+00:00,7944.18,7949.52,7940.0,7949.14,20.534724
2019-06-04 04:40:00+00:00,7949.12,7950.79,7937.5,7940.64,25.046717
2019-06-04 04:41:00+00:00,7940.0,7951.82,7934.93,7946.69,127.018984
2019-06-04 04:42:00+00:00,7946.78,7972.26,7946.68,7970.72,27.376591
2019-06-04 04:43:00+00:00,7972.21,7974.7,7964.82,7972.97,27.970899
2019-06-04 04:44:00+00:00,7972.07,7975.0,7971.0,7973.0,21.385082
2019-06-04 04:45:00+00:00,7973.0,7995.18,7972.69,7995.0,52.863992
2019-06-04 04:46:00+00:00,7991.8,7995.76,7980.68,7988.96,38.273727
2019-06-04 04:47:00+00:00,7987.35,7993.76,7977.98,7980.69,59.164047
2019-06-04 04:48:00+00:00,7980.69,7995.36,7978.52,7990.68,21.347025
2019-06-04 04:49:00+00:00,7990.46,8007.28,7990.05,7995.84,53.422621
2019-06-04 04:50:00+00:00,7996.97,7999.83,7989.89,7989.89,18.30881
2019-06-04 04:51:00+00:00,7989.89,7996.54,7984.81,7994.29,16.10795
2019-06-04 04:52:00+00:00,7997.53,8000.07,7985.35,7986.77,24.016017
2019-06-04 04:53:00+00:00,7985.36,7993.8,7983.54,7987.75,20.103844
2019-06-04 04:54:00+00:00,7986.95,7992.4,7985.71,7988.79,8.257718
2019-06-04 04:55:00+00:00,7988.48,7988.48,7971.0,7974.84,22.002696
2019-06-04 04:56:00+00:00,7973.41,7981.79,7971.82,7978.51,16.289674
2019-06-04 04:57:00+00:00,7978.69,7980.81,7969.56,7969.56,16.148252
2019-06-04 04:58:00+00:00,7969.95,7981.42,7967.06,7977.07,34.463413
2019-06-04 04:59:00+00:00,7977.29,7982.07,7973.23,7973.23,13.09472
2019-06-04 05:00:00+00:00,7973.05,7994.68,7970.76,7988.69,50.699942
2019-06-04 05:01:00+00:00,7990.46,8004.85,7989.21,8000.0,34.011011
2019-06-04 05:02:00+00:00,7999.12,8004.88,7997.0,8003.94,31.23999
2019-06-04 05:03:00+00:00,8000.97,8003.99,7991.48,7991.67,21.434075
2019-06-04 05:04:00+00:00,7991.93,7996.58,7978.06,7984.33,25.365902
2019-06-04 05:05:00+00:00,7984.31,7993.53,7980.92,7991.5,11.531145
2019-06-04 05:06:00+00:00,7991.52,7993.53,7988.82,7988.82,17.601237
2019-06-04 05:07:00+00:00,7989.99,7998.82,7988.31,7992.3,35.291541
2019-06-04 05:08:00+00:00,7992.5,7995.0,7982.0,7993.0,28.261915
2019-06-04 05:09:00+00:00,7991.93,7993.57,7987.11,7991.39,18.411386
2019-06-04 05:10:00+00:00,7991.04,7992.01,7977.57,7980.78,13.119932
2019-06-04 05:11:00+00:00,7981.63,7981.63,7976.41,7979.28,9.10257
2019-06-04 05:12:00+00:00,7976.9,7986.0,7976.08,7983.61,19.793967
2019-06-04 05:13:00+00:00,7985.74,7985.87,7977.03,7980.96,14.38354
2019-06-04 05:14:00+00:00,7980.95,7980.96,7970.14,7972.69,17.409788
2019-06-04 05:15:00+00:00,7972.69,7978.51,7970.0,7978.42,14.994574
2019-06-04 05:16:00+00:00,7978.41,7994.98,7976.67,7994.98,25.143033
2019-06-04 05:17:00+00:00,7994.21,7996.13,7990.16,7990.38,34.988965
2019-06-04 05:18:00+00:00,7991.32,7993.33,7989.75,7991.34,5.030902
2019-06-04 05:19:00+00:00,7990.53,7992.0,7986.67,7988.8,8.442451
2019-06-04 05:20:00+00:00,7989.39,7989.39,7980.0,7984.39,21.932528
2019-06-04 05:21:00+00:00,7983.64,7990.0,7983.64,7989.05,13.879122
2019-06-04 05:22:00+00:00,7987.47,7990.0,7976.48,7976.81,19.358096
2019-06-04 05:23:00+00:00,7979.09,7980.0,7971.46,7977.0,71.307401
2019-06-04 05:24:00+00:00,7977.02,7977.67,7968.43,7971.77,9.329804
2019-06-04 05:25:00+00:00,7969.99,7969.99,7953.07,7957.76,38.972992
2019-06-04 05:26:00+00:00,7957.77,7967.79,7953.07,7964.79,23.203089
2019-06-04 05:27:00+00:00,7964.32,7969.0,7957.46,7969.0,12.657306
2019-06-04 05:28:00+00:00,7968.99,7970.0,7962.57,7969.82,20.002866
2019-06-04 05:29:00+00:00,7969.82,7970.0,7962.22,7964.38,10.423087
2019-06-04 05:30:00+00:00,7962.98,7970.0,7962.98,7965.78,15.837039
2019-06-04 05:31:00+00:00,7966.34,7969.31,7964.9,7966.27,10.192014
2019-06-04 05:32:00+00:00,7966.27,7966.28,7960.55,7965.32,22.266807
2019-06-04 05:33:00+00:00,7964.15,7965.21,7960.55,7963.37,9.336823
2019-06-04 05:34:00+00:00,7963.39,7973.98,7961.47,7972.38,12.075637
2019-06-04 05:35:00+00:00,7974.76,7980.0,7968.47,7980.0,43.37989
2019-06-04 05:36:00+00:00,7980.0,7985.0,7973.04,7980.27,66.705224
2019-06-04 05:37:00+00:00,7983.51,7983.51,7973.36,7975.85,27.168743
2019-06-04 05:38:00+00:00,7977.14,7979.9,7974.76,7979.9,9.483375
2019-06-04 05:39:00+00:00,7979.3,7980.0,7978.02,7980.0,29.370853
2019-06-04 05:40:00+00:00,7980.0,7980.0,7971.86,7973.1,19.844513
2019-06-04 05:41:00+00:00,7973.08,7979.94,7972.55,7974.02,13.486993
2019-06-04 05:42:00+00:00,7975.03,7984.99,7974.04,7984.43,93.921579
2019-06-04 05:43:00+00:00,7984.46,7984.99,7980.19,7980.77,14.351214
2019-06-04 05:44:00+00:00,7980.46,7980.77,7974.2,7977.23,12.598785
2019-06-04 05:45:00+00:00,7977.23,7984.22,7974.01,7975.71,13.847247
2019-06-04 05:46:00+00:00,7974.01,7978.48,7968.32,7972.21,12.953474
2019-06-04 05:47:00+00:00,7972.0,7972.0,7961.63,7970.97,17.914608
2019-06-04 05:48:00+00:00,7970.91,7970.96,7964.8,7966.11,26.7851
2019-06-04 05:49:00+00:00,7967.62,7970.0,7966.11,7967.67,13.116597
2019-06-04 05:50:00+00:00,7967.68,7968.0,7954.78,7959.13,34.965259
2019-06-04 05:51:00+00:00,7958.28,7962.47,7953.07,7954.73,23.869232
2019-06-04 05:52:00+00:00,7954.73,7958.29,7945.0,7947.91,25.162031
2019-06-04 05:53:00+00:00,7945.88,7947.91,7943.48,7946.87,16.32948
2019-06-04 05:54:00+00:00,7946.33,7947.0,7940.0,7940.8,20.60981
2019-06-04 05:55:00+00:00,7940.49,7955.0,7940.0,7954.14,29.02572
2019-06-04 05:56:00+00:00,7952.02,7954.81,7943.21,7949.1,13.904293
2019-06-04 05:57:00+00:00,7948.73,7950.0,7946.39,7948.8,15.334414
2019-06-04 05:58:00+00:00,7948.8,7955.0,7947.45,7953.94,16.553861
2019-06-04 05:59:00+00:00,7954.54,7955.0,7950.57,7953.87,8.818613
2019-06-04 06:00:00+00:00,7953.78,7953.81,7934.98,7937.63,55.333901
2019-06-04 06:01:00+00:00,7937.99,7938.65,7925.0,7927.82,32.807728
2019-06-04 06:02:00+00:00,7928.8,7945.37,7923.61,7942.57,63.14815
2019-06-04 06:03:00+00:00,7941.53,7953.6,7941.43,7948.27,11.731997
2019-06-04 06:04:00+00:00,7948.68,7948.68,7937.45,7940.33,23.507821
2019-06-04 06:05:00+00:00,7940.37,7946.75,7935.89,7937.77,26.701978
2019-06-04 06:06:00+00:00,7937.63,7943.17,7930.72,7931.77,28.604358
2019-06-04 06:07:00+00:00,7935.73,7938.7,7930.26,7935.54,14.381524
2019-06-04 06:08:00+00:00,7935.55,7937.34,7900.0,7929.97,106.280454
2019-06-04 06:09:00+00:00,7929.97,7931.04,7916.56,7927.26,37.181781
2019-06-04 06:10:00+00:00,7929.16,7931.0,7904.57,7919.44,32.518097
2019-06-04 06:11:00+00:00,7919.44,7935.95,7913.03,7932.97,25.834924
2019-06-04 06:12:00+00:00,7932.97,7932.98,7922.01,7925.23,17.636301
2019-06-04 06:13:00+00:00,7925.23,7927.12,7907.39,7914.72,29.031609
2019-06-04 06:14:00+00:00,7910.69,7927.61,7908.86,7922.2,19.494395
2019-06-04 06:15:00+00:00,7922.2,7923.73,7908.0,7910.8,19.590959
2019-06-04 06:16:00+00:00,7908.23,7918.62,7893.91,7918.62,65.854891
2019-06-04 06:17:00+00:00,7915.9,7929.44,7908.38,7924.56,46.801803
2019-06-04 06:18:00+00:00,7928.75,7928.75,7917.44,7921.33,26.553898
2019-06-04 06:19:00+00:00,7921.36,7928.22,7916.16,7922.04,10.985701
2019-06-04 06:20:00+00:00,7922.03,7925.97,7919.31,7923.15,8.732391
2019-06-04 06:21:00+00:00,7925.64,7929.48,7916.18,7917.97,28.445644
2019-06-04 06:22:00+00:00,7916.78,7930.0,7913.0,7929.99,51.589612
2019-06-04 06:23:00+00:00,7929.99,7932.04,7921.37,7929.95,20.422085
2019-06-04 06:24:00+00:00,7930.0,7934.74,7921.98,7923.96,48.237996
2019-06-04 06:25:00+00:00,7923.96,7925.58,7920.9,7924.25,28.533457
2019-06-04 06:26:00+00:00,7924.35,7927.65,7921.43,7924.48,7.77588
2019-06-04 06:27:00+00:00,7924.49,7927.65,7920.77,7926.36,34.391644
2019-06-04 06:28:00+00:00,7926.34,7934.58,7925.57,7932.39,60.95065
2019-06-04 06:29:00+00:00,7932.4,7933.16,7929.0,7931.63,15.357341
2019-06-04 06:30:00+00:00,7931.64,7936.11,7927.23,7930.2,20.118285
2019-06-04 06:31:00+00:00,7930.15,7930.15,7925.0,7925.15,75.495664
2019-06-04 06:32:00+00:00,7926.11,7926.65,7897.99,7898.0,44.773601
2019-06-04 06:33:00+00:00,7898.01,7904.72,7849.08,7863.64,190.229918
2019-06-04 06:34:00+00:00,7868.33,7886.32,7850.0,7869.8,123.78154
2019-06-04 06:35:00+00:00,7863.16,7878.31,7854.0,7875.46,70.302932
2019-06-04 06:36:00+00:00,7876.44,7885.98,7857.31,7871.67,56.578638
2019-06-04 06:37:00+00:00,7872.69,7872.76,7852.5,7855.25,51.47809
2019-06-04 06:38:00+00:00,7857.06,7871.8,7830.0,7869.73,316.241326
2019-06-04 06:39:00+00:00,7869.94,7880.0,7846.74,7877.64,167.516045
2019-06-04 06:40:00+00:00,7875.4,7900.01,7869.63,7896.57,104.281974
2019-06-04 06:41:00+00:00,7893.78,7900.0,7882.16,7887.78,43.589013
2019-06-04 06:42:00+00:00,7888.68,7916.83,7884.64,7902.31,51.532234
2019-06-04 06:43:00+00:00,7902.3,7905.0,7888.01,7898.34,20.741662
2019-06-04 06:44:00+00:00,7898.33,7904.54,7891.15,7900.46,37.587192
2019-06-04 06:45:00+00:00,7900.05,7904.54,7890.03,7894.64,21.610089
2019-06-04 06:46:00+00:00,7894.71,7897.19,7881.05,7882.3,19.612196
2019-06-04 06:47:00+00:00,7882.2,7885.86,7872.76,7885.66,17.010647
2019-06-04 06:48:00+00:00,7886.15,7899.0,7885.6,7895.65,43.681529
2019-06-04 06:49:00+00:00,7893.75,7900.06,7884.01,7900.06,23.742421
2019-06-04 06:50:00+00:00,7900.34,7912.0,7900.22,7910.48,20.310771
2019-06-04 06:51:00+00:00,7910.48,7916.06,7908.9,7909.11,30.230811
2019-06-04 06:52:00+00:00,7909.02,7909.34,7894.2,7898.16,42.476779
2019-06-04 06:53:00+00:00,7898.16,7899.99,7890.0,7892.39,63.564329
2019-06-04 06:54:00+00:00,7892.42,7896.13,7887.44,7894.78,76.997613
2019-06-04 06:55:00+00:00,7896.11,7898.25,7889.0,7890.79,18.981029
2019-06-04 06:56:00+00:00,7890.84,7892.07,7880.24,7888.78,30.074007
2019-06-04 06:57:00+00:00,7888.77,7888.78,7880.0,7880.02,12.264225
2019-06-04 06:58:00+00:00,7882.36,7883.0,7872.66,7872.66,31.334353
2019-06-04 06:59:00+00:00,7871.54,7879.98,7860.01,7877.93,35.213028
2019-06-04 07:00:00+00:00,7877.68,7883.36,7861.48,7867.32,28.996478
2019-06-04 07:01:00+00:00,7862.03,7879.98,7860.0,7876.73,31.28107
2019-06-04 07:02:00+00:00,7879.03,7899.96,7877.04,7894.26,72.40464
2019-06-04 07:03:00+00:00,7895.12,7905.0,7890.43,7900.15,68.719274
2019-06-04 07:04:00+00:00,7901.05,7916.04,7898.95,7908.75,56.578789
2019-06-04 07:05:00+00:00,7907.73,7908.99,7886.04,7889.79,34.206757
2019-06-04 07:06:00+00:00,7890.0,7891.59,7875.77,7881.17,16.730697
2019-06-04 07:07:00+00:00,7884.58,7889.41,7871.16,7872.11,11.051629
2019-06-04 07:08:00+00:00,7871.67,7880.78,7866.76,7876.35,48.999469
2019-06-04 07:09:00+00:00,7873.69,7885.0,7872.42,7880.56,39.636148
2019-06-04 07:10:00+00:00,7883.62,7887.96,7872.5,7876.08,20.800205
2019-06-04 07:11:00+00:00,7876.57,7880.24,7870.0,7872.01,22.645848
2019-06-04 07:12:00+00:00,7870.0,7870.91,7837.35,7838.57,67.442532
2019-06-04 07:13:00+00:00,7838.92,7859.24,7835.27,7855.87,142.984595
2019-06-04 07:14:00+00:00,7855.87,7855.87,7834.1,7840.12,192.915298
2019-06-04 07:15:00+00:00,7838.26,7864.92,7826.0,7861.54,73.159498
2019-06-04 07:16:00+00:00,7861.57,7868.46,7853.83,7855.49,19.623514
2019-06-04 07:17:00+00:00,7857.54,7872.51,7857.19,7869.19,20.990041
2019-06-04 07:18:00+00:00,7869.17,7872.28,7850.0,7859.99,40.355944
2019-06-04 07:19:00+00:00,7855.18,7858.73,7826.66,7837.39,46.560029
2019-06-04 07:20:00+00:00,7837.39,7844.07,7802.24,7819.46,184.04068
2019-06-04 07:21:00+00:00,7816.41,7828.82,7800.0,7800.01,164.964537
2019-06-04 07:22:00+00:00,7804.25,7824.58,7800.52,7823.52,48.749822
2019-06-04 07:23:00+00:00,7824.41,7835.65,7808.0,7811.93,84.050667
2019-06-04 07:24:00+00:00,7814.49,7849.96,7808.64,7845.44,46.175499
2019-06-04 07:25:00+00:00,7844.92,7861.34,7837.08,7856.02,64.396652
2019-06-04 07:26:00+00:00,7855.64,7863.88,7831.3,7860.64,47.17684
2019-06-04 07:27:00+00:00,7860.77,7863.94,7846.25,7859.87,60.493259
2019-06-04 07:28:00+00:00,7860.77,7863.06,7844.97,7845.0,38.802055
2019-06-04 07:29:00+00:00,7849.76,7851.83,7840.01,7845.19,56.493423
2019-06-04 07:30:00+00:00,7849.78,7866.23,7845.53,7860.9,44.39757
2019-06-04 07:31:00+00:00,7861.22,7874.2,7859.74,7870.05,66.106921
2019-06-04 07:32:00+00:00,7873.0,7873.0,7863.92,7869.03,28.28956
2019-06-04 07:33:00+00:00,7869.93,7872.93,7861.63,7871.67,26.914818
2019-06-04 07:34:00+00:00,7870.34,7873.79,7863.03,7863.91,23.116626
2019-06-04 07:35:00+00:00,7864.08,7870.0,7858.06,7864.7,23.563107
2019-06-04 07:36:00+00:00,7864.7,7874.0,7864.7,7871.8,40.228666
2019-06-04 07:37:00+00:00,7871.03,7886.59,7870.85,7885.52,45.537701
2019-06-04 07:38:00+00:00,7885.52,7893.66,7882.82,7888.47,39.516951
2019-06-04 07:39:00+00:00,7888.45,7894.33,7888.45,7893.7,17.098815
2019-06-04 07:40:00+00:00,7892.15,7902.77,7889.32,7898.56,63.974985
2019-06-04 07:41:00+00:00,7901.8,7905.0,7895.74,7901.8,36.063152
2019-06-04 07:42:00+00:00,7901.74,7904.47,7894.55,7895.28,32.905444
2019-06-04 07:43:00+00:00,7896.0,7898.97,7876.87,7889.31,35.277217
2019-06-04 07:44:00+00:00,7892.64,7908.43,7882.2,7886.05,53.210222
2019-06-04 07:45:00+00:00,7886.4,7895.07,7879.19,7883.29,17.506869
2019-06-04 07:46:00+00:00,7884.57,7884.81,7875.16,7876.36,21.78147
2019-06-04 07:47:00+00:00,7876.33,7879.34,7875.0,7879.34,95.930213
2019-06-04 07:48:00+00:00,7879.33,7879.34,7873.14,7878.39,29.808502
2019-06-04 07:49:00+00:00,7879.14,7894.76,7873.48,7887.78,76.758864
2019-06-04 07:50:00+00:00,7887.7,7894.76,7883.7,7890.81,40.345913
2019-06-04 07:51:00+00:00,7892.14,7892.15,7877.77,7880.86,15.496857
2019-06-04 07:52:00+00:00,7880.86,7890.36,7879.54,7884.66,15.859639
2019-06-04 07:53:00+00:00,7884.15,7889.99,7883.2,7887.43,13.363902
2019-06-04 07:54:00+00:00,7887.6,7889.99,7886.27,7888.57,16.74932
2019-06-04 07:55:00+00:00,7888.56,7888.56,7881.29,7883.05,41.026346
2019-06-04 07:56:00+00:00,7883.05,7892.5,7879.0,7892.49,30.603192
2019-06-04 07:57:00+00:00,7892.49,7892.5,7888.56,7889.49,16.176634
2019-06-04 07:58:00+00:00,7889.49,7901.39,7888.84,7898.67,35.8735
2019-06-04 07:59:00+00:00,7901.1,7901.15,7888.84,7892.6,32.840405
2019-06-04 08:00:00+00:00,7893.1,7913.4,7892.6,7913.4,55.443497
2019-06-04 08:01:00+00:00,7909.18,7930.0,7909.18,7929.98,84.853389
2019-06-04 08:02:00+00:00,7928.9,7930.0,7918.46,7928.05,49.776151
2019-06-04 08:03:00+00:00,7928.87,7940.29,7928.11,7940.29,38.736324
2019-06-04 08:04:00+00:00,7939.25,7954.99,7935.17,7936.68,81.35566
2019-06-04 08:05:00+00:00,7936.68,7942.23,7932.02,7938.81,33.870714
2019-06-04 08:06:00+00:00,7938.71,7938.87,7926.77,7931.09,25.85819
2019-06-04 08:07:00+00:00,7932.43,7959.3,7931.1,7939.48,86.59398
2019-06-04 08:08:00+00:00,7940.28,7942.16,7926.9,7933.55,19.495833
2019-06-04 08:09:00+00:00,7940.66,7940.67,7919.99,7919.99,41.080164
2019-06-04 08:10:00+00:00,7920.0,7927.63,7919.45,7924.02,40.035255
2019-06-04 08:11:00+00:00,7924.14,7924.99,7919.44,7921.15,16.883385
2019-06-04 08:12:00+00:00,7922.45,7923.0,7914.76,7915.21,28.319789
2019-06-04 08:13:00+00:00,7914.98,7914.99,7908.0,7909.98,25.981598
2019-06-04 08:14:00+00:00,7909.96,7910.0,7908.0,7910.0,119.215313
2019-06-04 08:15:00+00:00,7910.0,7910.0,7909.0,7910.0,51.672172
2019-06-04 08:16:00+00:00,7910.0,7910.0,7901.97,7903.18,29.607275
2019-06-04 08:17:00+00:00,7903.18,7903.2,7887.9,7895.18,166.143802
2019-06-04 08:18:00+00:00,7895.19,7899.96,7888.48,7898.2,20.574759
2019-06-04 08:19:00+00:00,7899.0,7900.0,7894.06,7894.94,307.670446
2019-06-04 08:20:00+00:00,7894.07,7910.0,7894.07,7910.0,149.314034
2019-06-04 08:21:00+00:00,7910.0,7910.0,7904.67,7910.0,23.462297
2019-06-04 08:22:00+00:00,7910.0,7918.98,7909.55,7915.0,57.437566
2019-06-04 08:23:00+00:00,7913.08,7919.9,7912.35,7918.1,105.273279
2019-06-04 08:24:00+00:00,7918.09,7918.11,7906.63,7911.27,38.778567
2019-06-04 08:25:00+00:00,7910.29,7914.98,7909.83,7914.93,50.78732
2019-06-04 08:26:00+00:00,7914.93,7914.98,7914.92,7914.97,38.911785
2019-06-04 08:27:00+00:00,7914.97,7914.98,7908.35,7911.29,34.320285
2019-06-04 08:28:00+00:00,7911.27,7911.3,7901.08,7904.24,20.617206
2019-06-04 08:29:00+00:00,7904.24,7908.76,7901.0,7906.88,14.81739
2019-06-04 08:30:00+00:00,7908.5,7914.97,7907.38,7913.0,16.840035
2019-06-04 08:31:00+00:00,7913.02,7914.98,7909.98,7914.98,41.548804
2019-06-04 08:32:00+00:00,7914.98,7919.43,7913.66,7914.97,45.625988
2019-06-04 08:33:00+00:00,7915.0,7915.0,7914.99,7915.0,51.40962
2019-06-04 08:34:00+00:00,7915.0,7919.88,7913.03,7915.26,49.709229
2019-06-04 08:35:00+00:00,7915.26,7919.46,7913.18,7917.13,20.42862
2019-06-04 08:36:00+00:00,7915.16,7919.47,7910.01,7914.58,28.032632
2019-06-04 08:37:00+00:00,7910.02,7910.02,7908.03,7910.02,35.364189
2019-06-04 08:38:00+00:00,7910.01,7910.02,7910.0,7910.02,22.254121
2019-06-04 08:39:00+00:00,7910.02,7916.66,7910.01,7914.67,36.072912
2019-06-04 08:40:00+00:00,7914.66,7920.0,7914.24,7919.99,20.502695
2019-06-04 08:41:00+00:00,7920.0,7920.0,7914.98,7915.0,52.639325
2019-06-04 08:42:00+00:00,7915.0,7920.0,7914.97,7920.0,50.99091
2019-06-04 08:43:00+00:00,7920.0,7920.0,7914.99,7917.21,137.58453
2019-06-04 08:44:00+00:00,7918.51,7918.51,7912.86,7915.0,41.775131
2019-06-04 08:45:00+00:00,7915.0,7917.82,7913.3,7916.54,17.25823
2019-06-04 08:46:00+00:00,7916.4,7916.4,7907.75,7910.3,26.25123
2019-06-04 08:47:00+00:00,7911.73,7912.0,7905.01,7910.07,29.790497
2019-06-04 08:48:00+00:00,7910.07,7912.0,7909.0,7909.21,21.095147
2019-06-04 08:49:00+00:00,7909.18,7910.0,7906.05,7909.59,21.195311
2019-06-04 08:50:00+00:00,7909.89,7910.0,7909.7,7909.98,17.925423
2019-06-04 08:51:00+00:00,7910.0,7912.0,7909.21,7912.0,76.330576
2019-06-04 08:52:00+00:00,7912.0,7918.01,7909.0,7915.04,68.501311
2019-06-04 08:53:00+00:00,7915.94,7922.83,7913.82,7920.56,42.787847
2019-06-04 08:54:00+00:00,7920.56,7930.0,7920.28,7926.27,22.15161
2019-06-04 08:55:00+00:00,7927.65,7934.97,7925.0,7927.58,46.543372
2019-06-04 08:56:00+00:00,7927.58,7935.82,7917.88,7934.6,29.869839
2019-06-04 08:57:00+00:00,7934.55,7942.83,7926.55,7942.83,42.173544
2019-06-04 08:58:00+00:00,7942.83,7948.0,7940.0,7947.89,26.740453
2019-06-04 08:59:00+00:00,7947.04,7947.88,7938.82,7940.06,21.367078
2019-06-04 09:00:00+00:00,7942.68,7952.77,7939.96,7952.77,38.351069
2019-06-04 09:01:00+00:00,7952.43,7961.0,7951.0,7960.93,25.068495
2019-06-04 09:02:00+00:00,7961.0,7962.83,7945.49,7954.87,68.641149
2019-06-04 09:03:00+00:00,7955.08,7955.09,7948.09,7949.98,27.055929
2019-06-04 09:04:00+00:00,7949.98,7950.0,7940.04,7942.53,32.473305
2019-06-04 09:05:00+00:00,7941.68,7950.0,7936.23,7945.2,39.837185
2019-06-04 09:06:00+00:00,7945.2,7949.79,7942.68,7948.55,17.264521
2019-06-04 09:07:00+00:00,7945.84,7948.36,7937.03,7938.01,17.571741
2019-06-04 09:08:00+00:00,7938.01,7941.72,7933.87,7937.64,27.161102
2019-06-04 09:09:00+00:00,7935.65,7948.0,7933.85,7945.15,19.416025
2019-06-04 09:10:00+00:00,7945.28,7947.97,7940.7,7943.42,10.83906
2019-06-04 09:11:00+00:00,7940.92,7943.14,7925.34,7928.88,25.49207
2019-06-04 09:12:00+00:00,7928.88,7931.72,7913.67,7915.4,23.396976
2019-06-04 09:13:00+00:00,7916.02,7929.2,7914.81,7922.21,29.883594
2019-06-04 09:14:00+00:00,7922.78,7929.97,7922.78,7927.65,15.743111
2019-06-04 09:15:00+00:00,7928.19,7928.2,7918.66,7925.55,12.820498
2019-06-04 09:16:00+00:00,7925.55,7925.55,7918.07,7919.0,13.213159
2019-06-04 09:17:00+00:00,7918.98,7921.29,7909.36,7912.2,33.762181
2019-06-04 09:18:00+00:00,7912.19,7917.42,7909.21,7909.92,38.71149
2019-06-04 09:19:00+00:00,7909.22,7920.0,7905.11,7914.99,40.101826
2019-06-04 09:20:00+00:00,7914.99,7924.41,7914.2,7924.4,19.849979
2019-06-04 09:21:00+00:00,7924.37,7924.38,7913.6,7916.17,10.617269
2019-06-04 09:22:00+00:00,7916.17,7921.99,7915.0,7919.62,18.471038
2019-06-04 09:23:00+00:00,7920.29,7924.68,7917.11,7924.37,35.993318
2019-06-04 09:24:00+00:00,7924.68,7927.43,7923.84,7927.43,12.119804
2019-06-04 09:25:00+00:00,7927.84,7927.88,7919.47,7927.17,44.100553
2019-06-04 09:26:00+00:00,7927.27,7928.57,7919.13,7925.14,9.087383
2019-06-04 09:27:00+00:00,7925.15,7936.97,7922.27,7932.0,23.243957
2019-06-04 09:28:00+00:00,7932.0,7937.69,7930.85,7936.18,8.944483
2019-06-04 09:29:00+00:00,7937.44,7940.76,7935.02,7937.58,33.67449
2019-06-04 09:30:00+00:00,7935.02,7937.24,7922.07,7924.82,138.237638
2019-06-04 09:31:00+00:00,7925.8,7940.01,7923.45,7938.82,61.619319
2019-06-04 09:32:00+00:00,7936.6,7942.0,7931.23,7940.08,32.07368
2019-06-04 09:33:00+00:00,7940.8,7944.7,7938.5,7939.39,12.171579
2019-06-04 09:34:00+00:00,7940.55,7947.21,7938.32,7945.78,10.016034
2019-06-04 09:35:00+00:00,7946.6,7950.0,7944.12,7950.0,210.727708
2019-06-04 09:36:00+00:00,7950.0,7955.11,7943.56,7951.31,16.903722
2019-06-04 09:37:00+00:00,7951.23,7955.11,7942.09,7944.33,24.226108
2019-06-04 09:38:00+00:00,7944.79,7954.62,7942.57,7946.91,30.293389
2019-06-04 09:39:00+00:00,7946.9,7952.03,7942.17,7946.85,18.415309
2019-06-04 09:40:00+00:00,7948.09,7955.11,7947.26,7954.08,14.649465
2019-06-04 09:41:00+00:00,7954.1,7958.0,7950.91,7953.0,18.820395
2019-06-04 09:42:00+00:00,7952.24,7957.28,7951.79,7953.93,10.566444
2019-06-04 09:43:00+00:00,7955.25,7965.0,7953.93,7963.27,39.453949
2019-06-04 09:44:00+00:00,7962.53,7973.63,7956.84,7971.22,45.491935
2019-06-04 09:45:00+00:00,7971.25,7973.32,7967.9,7971.06,17.569207
2019-06-04 09:46:00+00:00,7971.15,7979.13,7966.38,7970.99,53.115074
2019-06-04 09:47:00+00:00,7969.1,7970.99,7960.17,7968.34,30.299348
2019-06-04 09:48:00+00:00,7970.0,7987.77,7966.39,7983.0,45.110586
2019-06-04 09:49:00+00:00,7983.87,7994.9,7980.44,7992.22,39.40517
2019-06-04 09:50:00+00:00,7991.0,7994.96,7986.95,7987.42,52.971364
2019-06-04 09:51:00+00:00,7987.16,7987.44,7975.89,7981.79,28.717652
2019-06-04 09:52:00+00:00,7981.79,7986.7,7975.66,7980.09,19.026246
2019-06-04 09:53:00+00:00,7980.06,7988.79,7976.58,7983.28,37.189244
2019-06-04 09:54:00+00:00,7983.04,7983.49,7974.12,7978.82,23.521674
2019-06-04 09:55:00+00:00,7980.0,7989.0,7971.14,7973.4,29.872726
2019-06-04 09:56:00+00:00,7973.39,7977.48,7955.46,7966.06,34.73544
2019-06-04 09:57:00+00:00,7967.8,7970.0,7962.67,7968.26,19.025045
2019-06-04 09:58:00+00:00,7968.28,7975.08,7967.54,7974.65,23.987057
2019-06-04 09:59:00+00:00,7974.05,7975.08,7968.0,7970.01,19.726152
2019-06-04 10:00:00+00:00,7968.0,7969.63,7968.0,7968.01,126.552128
2019-06-04 10:01:00+00:00,7968.01,7977.0,7968.0,7973.98,26.52452
2019-06-04 10:02:00+00:00,7974.02,7976.51,7968.0,7974.38,64.029866
2019-06-04 10:03:00+00:00,7974.38,7983.76,7974.3,7983.72,16.131763
2019-06-04 10:04:00+00:00,7983.68,7989.0,7983.68,7986.58,18.114526
2019-06-04 10:05:00+00:00,7986.81,7987.0,7985.54,7985.54,17.695854
2019-06-04 10:06:00+00:00,7985.56,7990.92,7984.14,7987.65,155.840958
2019-06-04 10:07:00+00:00,7987.51,7997.0,7984.58,7995.53,23.74224
2019-06-04 10:08:00+00:00,7996.05,7997.0,7978.88,7995.0,33.434608
2019-06-04 10:09:00+00:00,7993.29,7999.0,7992.34,7994.91,29.218426
2019-06-04 10:10:00+00:00,7994.91,8000.0,7994.91,8000.0,23.582685
2019-06-04 10:11:00+00:00,8000.0,8003.54,7999.0,8001.99,35.234138
2019-06-04 10:12:00+00:00,8001.99,8005.0,7997.13,8004.26,26.167523
2019-06-04 10:13:00+00:00,8003.36,8007.0,7983.67,7988.56,178.329932
2019-06-04 10:14:00+00:00,7986.06,8002.2,7986.06,7995.05,25.572394
2019-06-04 10:15:00+00:00,7996.48,7998.0,7986.08,7989.45,12.541067
2019-06-04 10:16:00+00:00,7987.47,7989.58,7985.93,7986.1,13.640118
2019-06-04 10:17:00+00:00,7986.58,7987.24,7976.06,7984.8,37.618705
2019-06-04 10:18:00+00:00,7982.35,7985.0,7979.79,7982.3,14.410517
2019-06-04 10:19:00+00:00,7982.28,7984.8,7976.06,7980.19,11.420691
2019-06-04 10:20:00+00:00,7980.19,7984.67,7974.45,7976.92,25.860443
2019-06-04 10:21:00+00:00,7976.89,7976.89,7974.45,7974.47,10.064293
2019-06-04 10:22:00+00:00,7974.46,7984.95,7971.42,7983.36,20.264124
2019-06-04 10:23:00+00:00,7980.38,7985.0,7980.26,7985.0,15.386266
2019-06-04 10:24:00+00:00,7984.12,7985.0,7981.91,7984.98,7.961167
2019-06-04 10:25:00+00:00,7985.0,7985.0,7974.63,7975.26,20.027724
2019-06-04 10:26:00+00:00,7974.63,7975.66,7968.01,7968.01,17.405313
2019-06-04 10:27:00+00:00,7969.85,7969.94,7959.75,7963.36,26.984262
2019-06-04 10:28:00+00:00,7962.76,7974.34,7958.32,7968.09,23.472805
2019-06-04 10:29:00+00:00,7970.01,7973.29,7967.1,7971.44,11.321807
2019-06-04 10:30:00+00:00,7970.81,7973.22,7966.19,7971.09,10.857938
2019-06-04 10:31:00+00:00,7970.1,7973.92,7967.79,7972.06,14.926635
2019-06-04 10:32:00+00:00,7970.86,7972.06,7964.73,7967.47,12.755679
2019-06-04 10:33:00+00:00,7967.47,7969.64,7952.0,7952.59,24.313932
2019-06-04 10:34:00+00:00,7952.59,7960.0,7951.46,7951.46,22.824261
2019-06-04 10:35:00+00:00,7950.97,7951.96,7940.81,7948.49,25.889805
2019-06-04 10:36:00+00:00,7948.15,7948.37,7939.99,7948.0,22.947148
2019-06-04 10:37:00+00:00,7948.29,7955.9,7946.25,7952.75,10.98116
2019-06-04 10:38:00+00:00,7952.75,7952.97,7941.01,7943.78,14.993655
2019-06-04 10:39:00+00:00,7943.76,7945.04,7939.01,7944.87,13.316233
2019-06-04 10:40:00+00:00,7944.35,7969.99,7943.51,7969.5,49.410839
2019-06-04 10:41:00+00:00,7966.87,7974.34,7964.09,7967.73,41.65263
2019-06-04 10:42:00+00:00,7968.38,7971.0,7948.26,7948.26,38.774168
2019-06-04 10:43:00+00:00,7949.12,7951.16,7943.07,7944.61,35.047949
2019-06-04 10:44:00+00:00,7946.41,7962.22,7944.13,7953.79,24.590437
2019-06-04 10:45:00+00:00,7953.13,7965.87,7952.45,7965.87,15.301382
2019-06-04 10:46:00+00:00,7961.07,7965.85,7960.09,7961.94,9.272455
2019-06-04 10:47:00+00:00,7961.92,7964.56,7955.0,7957.83,30.652347
2019-06-04 10:48:00+00:00,7957.83,7968.6,7957.28,7963.74,14.551325
2019-06-04 10:49:00+00:00,7962.63,7972.52,7962.1,7972.47,14.085995
2019-06-04 10:50:00+00:00,7972.49,7977.1,7971.02,7972.21,15.78601
2019-06-04 10:51:00+00:00,7973.98,7973.98,7967.31,7971.73,9.055473
2019-06-04 10:52:00+00:00,7971.79,7974.82,7965.79,7968.42,8.54799
2019-06-04 10:53:00+00:00,7968.42,7970.0,7964.98,7967.0,10.78268
2019-06-04 10:54:00+00:00,7967.0,7970.83,7964.18,7970.07,15.139284
2019-06-04 10:55:00+00:00,7970.7,7973.03,7966.9,7973.02,10.322675
2019-06-04 10:56:00+00:00,7971.09,7974.59,7970.04,7974.28,20.058855
2019-06-04 10:57:00+00:00,7973.59,7976.55,7972.0,7976.54,17.906354
2019-06-04 10:58:00+00:00,7975.4,7985.0,7974.54,7984.03,28.568463
2019-06-04 10:59:00+00:00,7984.05,7985.0,7979.27,7979.78,29.04775
2019-06-04 11:00:00+00:00,7981.26,7985.0,7977.4,7979.12,16.757938
2019-06-04 11:01:00+00:00,7978.5,7982.79,7978.18,7980.88,20.573293
2019-06-04 11:02:00+00:00,7980.63,7984.99,7980.0,7984.96,32.274275
2019-06-04 11:03:00+00:00,7984.49,7984.96,7980.8,7983.89,10.656911
2019-06-04 11:04:00+00:00,7982.2,7984.52,7975.02,7975.03,252.265031
2019-06-04 11:05:00+00:00,7975.68,7977.46,7969.73,7970.55,10.505769
2019-06-04 11:06:00+00:00,7970.55,7972.37,7962.0,7963.32,33.325061
2019-06-04 11:07:00+00:00,7963.32,7969.99,7962.0,7965.9,7.65595
2019-06-04 11:08:00+00:00,7966.32,7968.23,7962.0,7966.03,9.699354
2019-06-04 11:09:00+00:00,7966.42,7972.86,7966.03,7968.5,13.996387
2019-06-04 11:10:00+00:00,7970.77,7973.02,7968.33,7970.0,8.200117
2019-06-04 11:11:00+00:00,7969.7,7972.86,7969.63,7971.75,9.654018
2019-06-04 11:12:00+00:00,7971.06,7980.81,7970.39,7980.0,20.852385
2019-06-04 11:13:00+00:00,7980.0,7985.0,7977.29,7983.12,16.999597
2019-06-04 11:14:00+00:00,7983.12,7987.24,7983.03,7983.74,21.737031
2019-06-04 11:15:00+00:00,7985.09,7985.14,7980.12,7981.74,14.591333
2019-06-04 11:16:00+00:00,7981.87,7984.31,7980.4,7984.31,7.506203
2019-06-04 11:17:00+00:00,7982.95,7984.21,7974.36,7975.44,10.071799
2019-06-04 11:18:00+00:00,7975.42,7977.06,7962.02,7963.9,18.812275
2019-06-04 11:19:00+00:00,7962.62,7968.18,7956.16,7956.48,12.297503
2019-06-04 11:20:00+00:00,7956.53,7963.63,7951.35,7957.11,14.673492
2019-06-04 11:21:00+00:00,7957.1,7958.94,7951.67,7955.5,10.65525
2019-06-04 11:22:00+00:00,7955.61,7964.64,7955.61,7963.32,12.862358
2019-06-04 11:23:00+00:00,7961.66,7963.32,7950.0,7952.82,28.49142
2019-06-04 11:24:00+00:00,7950.66,7954.85,7942.0,7942.44,36.172984
2019-06-04 11:25:00+00:00,7942.44,7949.99,7940.55,7944.07,27.236247
2019-06-04 11:26:00+00:00,7943.81,7950.0,7938.08,7948.21,37.622579
2019-06-04 11:27:00+00:00,7949.99,7960.99,7948.21,7958.99,35.680342
2019-06-04 11:28:00+00:00,7957.05,7960.89,7941.26,7945.35,36.348025
2019-06-04 11:29:00+00:00,7945.01,7949.59,7940.0,7940.0,14.354166
2019-06-04 11:30:00+00:00,7942.12,7946.12,7934.8,7945.54,47.533482
2019-06-04 11:31:00+00:00,7945.27,7949.81,7942.06,7945.51,26.358202
2019-06-04 11:32:00+00:00,7945.17,7951.13,7943.59,7950.0,31.325166
2019-06-04 11:33:00+00:00,7950.0,7954.0,7940.03,7942.11,28.185926
2019-06-04 11:34:00+00:00,7942.11,7946.0,7934.06,7934.06,16.690227
2019-06-04 11:35:00+00:00,7934.07,7940.71,7932.0,7932.0,18.375125
2019-06-04 11:36:00+00:00,7932.74,7937.99,7929.74,7929.74,39.586923
2019-06-04 11:37:00+00:00,7929.61,7934.88,7928.21,7929.47,12.254481
2019-06-04 11:38:00+00:00,7928.73,7930.75,7926.41,7928.39,19.931861
2019-06-04 11:39:00+00:00,7927.06,7938.27,7926.44,7935.92,19.069679
2019-06-04 11:40:00+00:00,7935.3,7943.09,7933.05,7941.37,10.39807
2019-06-04 11:41:00+00:00,7939.91,7946.0,7939.86,7945.98,11.187833
2019-06-04 11:42:00+00:00,7945.0,7950.0,7943.46,7947.88,8.360091
2019-06-04 11:43:00+00:00,7947.33,7949.92,7941.0,7941.2,12.47138
2019-06-04 11:44:00+00:00,7943.34,7944.03,7934.62,7934.62,19.142096
2019-06-04 11:45:00+00:00,7934.62,7937.64,7931.24,7936.28,10.945782
2019-06-04 11:46:00+00:00,7935.51,7938.62,7933.96,7934.9,7.843787
2019-06-04 11:47:00+00:00,7934.81,7934.88,7930.0,7930.01,24.385828
2019-06-04 11:48:00+00:00,7930.01,7932.35,7922.97,7925.98,24.122061
2019-06-04 11:49:00+00:00,7925.58,7927.89,7920.0,7927.74,22.75005
2019-06-04 11:50:00+00:00,7927.96,7933.85,7921.95,7933.85,17.81008
2019-06-04 11:51:00+00:00,7932.32,7944.48,7932.32,7940.47,15.206044
2019-06-04 11:52:00+00:00,7942.2,7947.52,7938.89,7943.23,21.729989
2019-06-04 11:53:00+00:00,7942.52,7943.7,7932.27,7942.12,15.133109
2019-06-04 11:54:00+00:00,7942.27,7950.0,7940.32,7948.47,24.482138
2019-06-04 11:55:00+00:00,7946.46,7950.0,7946.46,7946.66,20.755143
2019-06-04 11:56:00+00:00,7946.94,7946.98,7935.01,7939.26,12.697083
2019-06-04 11:57:00+00:00,7939.7,7943.84,7939.27,7942.03,11.384238
2019-06-04 11:58:00+00:00,7941.23,7944.18,7930.29,7935.48,20.834364
2019-06-04 11:59:00+00:00,7933.68,7944.17,7932.69,7943.56,14.771519
2019-06-04 12:00:00+00:00,7943.56,7964.64,7940.04,7963.88,26.10457
2019-06-04 12:01:00+00:00,7964.61,7969.21,7954.56,7969.21,53.919108
2019-06-04 12:02:00+00:00,7970.0,7973.05,7958.57,7965.07,22.197214
2019-06-04 12:03:00+00:00,7964.01,7966.1,7961.72,7962.85,18.396316
2019-06-04 12:04:00+00:00,7962.86,7971.27,7960.01,7968.98,22.119863
2019-06-04 12:05:00+00:00,7968.55,7971.52,7965.01,7966.68,15.210087
2019-06-04 12:06:00+00:00,7965.03,7966.68,7960.01,7962.99,8.294192
2019-06-04 12:07:00+00:00,7962.0,7968.51,7961.26,7965.31,13.729555
2019-06-04 12:08:00+00:00,7966.88,7967.63,7956.99,7956.99,24.86205
2019-06-04 12:09:00+00:00,7959.45,7961.2,7950.95,7956.79,36.328388
2019-06-04 12:10:00+00:00,7956.79,7958.05,7944.22,7944.22,21.00774
2019-06-04 12:11:00+00:00,7946.56,7951.91,7944.19,7951.16,22.324742
2019-06-04 12:12:00+00:00,7950.71,7951.21,7944.32,7948.89,19.153333
2019-06-04 12:13:00+00:00,7950.17,7955.0,7948.93,7952.98,9.148936
2019-06-04 12:14:00+00:00,7952.96,7957.99,7952.73,7956.87,18.323169
2019-06-04 12:15:00+00:00,7955.01,7960.57,7955.0,7955.65,14.59405
2019-06-04 12:16:00+00:00,7957.82,7959.62,7952.11,7954.66,20.179546
2019-06-04 12:17:00+00:00,7954.45,7956.24,7948.32,7954.59,15.364622
2019-06-04 12:18:00+00:00,7952.36,7954.6,7948.87,7951.27,8.11842
2019-06-04 12:19:00+00:00,7951.33,7954.21,7945.16,7949.94,14.660539
2019-06-04 12:20:00+00:00,7947.56,7949.92,7943.41,7943.41,8.820791
2019-06-04 12:21:00+00:00,7945.74,7945.74,7933.29,7934.84,22.414243
2019-06-04 12:22:00+00:00,7934.89,7940.21,7933.14,7933.61,25.612813
2019-06-04 12:23:00+00:00,7936.5,7936.66,7927.19,7929.95,14.535038
2019-06-04 12:24:00+00:00,7929.95,7938.9,7927.64,7930.01,53.419246
2019-06-04 12:25:00+00:00,7931.23,7933.77,7925.0,7925.39,24.29583
2019-06-04 12:26:00+00:00,7927.6,7930.01,7920.0,7920.05,49.216155
2019-06-04 12:27:00+00:00,7920.05,7923.76,7913.43,7914.97,67.930353
2019-06-04 12:28:00+00:00,7913.98,7915.0,7900.0,7903.86,276.223532
2019-06-04 12:29:00+00:00,7903.31,7903.69,7882.0,7891.78,178.511204
2019-06-04 12:30:00+00:00,7891.78,7899.42,7877.85,7896.93,122.985241
2019-06-04 12:31:00+00:00,7899.37,7915.0,7893.53,7914.0,41.89981
2019-06-04 12:32:00+00:00,7915.0,7915.0,7906.61,7914.52,22.77733
2019-06-04 12:33:00+00:00,7913.01,7925.0,7913.01,7924.67,14.578654
2019-06-04 12:34:00+00:00,7924.69,7928.95,7917.79,7920.58,28.861191
2019-06-04 12:35:00+00:00,7920.57,7920.57,7909.05,7916.72,30.758609
2019-06-04 12:36:00+00:00,7917.16,7920.0,7911.76,7916.89,31.866181
2019-06-04 12:37:00+00:00,7916.26,7922.44,7915.2,7920.36,13.796076
2019-06-04 12:38:00+00:00,7920.45,7929.97,7920.45,7924.68,10.948269
2019-06-04 12:39:00+00:00,7924.67,7932.36,7923.04,7931.27,13.712814
2019-06-04 12:40:00+00:00,7931.24,7933.92,7925.0,7927.23,25.191016
2019-06-04 12:41:00+00:00,7927.2,7934.35,7926.12,7934.07,15.056041
2019-06-04 12:42:00+00:00,7934.02,7936.0,7931.38,7934.99,10.712857
2019-06-04 12:43:00+00:00,7935.48,7940.0,7935.0,7936.6,17.452501
2019-06-04 12:44:00+00:00,7937.2,7941.85,7936.29,7941.84,16.003491
2019-06-04 12:45:00+00:00,7941.85,7944.21,7933.4,7934.96,24.678067
2019-06-04 12:46:00+00:00,7933.74,7940.1,7933.42,7936.26,10.683771
2019-06-04 12:47:00+00:00,7936.28,7950.0,7936.18,7948.11,22.606603
2019-06-04 12:48:00+00:00,7949.94,7955.67,7946.18,7953.0,16.630427
2019-06-04 12:49:00+00:00,7953.0,7954.3,7948.0,7949.29,13.474997
2019-06-04 12:50:00+00:00,7949.29,7953.38,7947.89,7952.56,18.026801
2019-06-04 12:51:00+00:00,7952.56,7954.16,7951.58,7953.14,9.714458
2019-06-04 12:52:00+00:00,7952.87,7962.96,7952.79,7958.52,58.743283
2019-06-04 12:53:00+00:00,7959.13,7962.96,7956.7,7962.95,19.23482
2019-06-04 12:54:00+00:00,7960.91,7967.79,7953.96,7959.07,46.152106
2019-06-04 12:55:00+00:00,7959.13,7960.95,7951.17,7951.39,24.15482
2019-06-04 12:56:00+00:00,7951.5,7952.0,7947.24,7951.16,10.081814
2019-06-04 12:57:00+00:00,7951.44,7956.19,7951.44,7954.5,10.108978
2019-06-04 12:58:00+00:00,7954.13,7963.0,7951.45,7960.47,23.747925
2019-06-04 12:59:00+00:00,7957.39,7969.98,7955.11,7965.07,14.100426
2019-06-04 13:00:00+00:00,7965.09,7966.77,7955.18,7957.02,12.576392
2019-06-04 13:01:00+00:00,7957.02,7959.95,7953.15,7955.43,36.901124
2019-06-04 13:02:00+00:00,7956.97,7957.0,7952.28,7954.29,12.121909
2019-06-04 13:03:00+00:00,7954.27,7965.94,7953.93,7964.98,17.511222
2019-06-04 13:04:00+00:00,7965.0,7974.26,7963.14,7967.74,33.359715
2019-06-04 13:05:00+00:00,7971.07,7986.47,7968.76,7981.36,34.404546
2019-06-04 13:06:00+00:00,7981.36,7984.38,7973.72,7981.85,33.908822
2019-06-04 13:07:00+00:00,7981.59,7988.24,7980.99,7987.21,27.078506
2019-06-04 13:08:00+00:00,7988.4,7999.0,7987.22,7997.67,42.385736
2019-06-04 13:09:00+00:00,7997.67,8004.0,7994.89,7999.72,68.890179
2019-06-04 13:10:00+00:00,8001.06,8019.78,7999.72,7999.83,89.345435
2019-06-04 13:11:00+00:00,7999.72,8013.98,7995.11,7999.88,53.707862
2019-06-04 13:12:00+00:00,7999.98,8005.51,7985.11,7990.7,43.957157
2019-06-04 13:13:00+00:00,7990.7,7992.72,7986.08,7989.87,10.8158
2019-06-04 13:14:00+00:00,7987.34,7989.87,7982.62,7986.03,34.708587
2019-06-04 13:15:00+00:00,7986.03,8003.83,7983.49,8001.18,33.088519
2019-06-04 13:16:00+00:00,8001.2,8003.99,7987.2,7995.12,88.920371
2019-06-04 13:17:00+00:00,7993.83,7996.85,7986.32,7992.23,20.046158
2019-06-04 13:18:00+00:00,7994.27,7996.17,7982.9,7985.68,24.553661
2019-06-04 13:19:00+00:00,7984.67,8000.0,7982.91,7999.62,24.855433
2019-06-04 13:20:00+00:00,7999.5,8002.0,7991.47,7994.42,32.467845
2019-06-04 13:21:00+00:00,7992.73,7999.97,7987.32,7997.13,32.247367
2019-06-04 13:22:00+00:00,7998.05,8011.1,7997.23,8007.87,33.611184
2019-06-04 13:23:00+00:00,8005.43,8012.0,8005.15,8010.0,35.323282
2019-06-04 13:24:00+00:00,8010.0,8017.96,8005.01,8013.78,37.698562
2019-06-04 13:25:00+00:00,8016.87,8031.07,8013.72,8028.82,64.987305
2019-06-04 13:26:00+00:00,8029.88,8030.1,8009.0,8015.03,50.155498
2019-06-04 13:27:00+00:00,8016.08,8026.77,8012.53,8025.92,24.232866
2019-06-04 13:28:00+00:00,8026.67,8030.54,8023.0,8028.27,27.710692
2019-06-04 13:29:00+00:00,8027.67,8031.07,8016.4,8017.11,44.057721
2019-06-04 13:30:00+00:00,8020.29,8020.32,8011.0,8011.04,16.094117
2019-06-04 13:31:00+00:00,8012.52,8018.51,8011.06,8013.33,23.035912
2019-06-04 13:32:00+00:00,8012.93,8014.97,8006.0,8011.42,22.720697
2019-06-04 13:33:00+00:00,8012.02,8024.31,8008.15,8021.17,56.778209
2019-06-04 13:34:00+00:00,8021.21,8030.0,8021.2,8027.81,99.457913
2019-06-04 13:35:00+00:00,8027.82,8038.42,8027.82,8036.29,26.753791
2019-06-04 13:36:00+00:00,8036.29,8050.0,8035.0,8043.76,85.049264
2019-06-04 13:37:00+00:00,8041.5,8043.75,8023.17,8035.0,47.758669
2019-06-04 13:38:00+00:00,8035.0,8036.0,8026.82,8033.0,56.348229
2019-06-04 13:39:00+00:00,8033.0,8043.24,8030.97,8031.02,47.866468
2019-06-04 13:40:00+00:00,8034.74,8038.26,8027.05,8036.22,45.552756
2019-06-04 13:41:00+00:00,8036.74,8036.74,8020.54,8022.37,25.860622
2019-06-04 13:42:00+00:00,8020.54,8024.1,8006.38,8012.0,38.963351
2019-06-04 13:43:00+00:00,8012.02,8015.45,8005.34,8010.06,23.770138
2019-06-04 13:44:00+00:00,8012.06,8016.81,8008.57,8012.58,15.272335
2019-06-04 13:45:00+00:00,8012.58,8012.58,8001.03,8003.31,27.521578
2019-06-04 13:46:00+00:00,8002.02,8003.0,7994.8,7994.8,24.079029
2019-06-04 13:47:00+00:00,7995.25,8000.96,7990.67,7994.78,38.216793
2019-06-04 13:48:00+00:00,7994.49,8003.46,7988.09,8001.05,35.145422
2019-06-04 13:49:00+00:00,8002.0,8002.0,7993.77,7996.19,14.467062
2019-06-04 13:50:00+00:00,7996.19,7998.01,7990.0,7995.91,17.898176
2019-06-04 13:51:00+00:00,7995.97,8012.87,7995.03,8011.28,59.957458
2019-06-04 13:52:00+00:00,8011.31,8017.0,8011.28,8013.56,25.094418
2019-06-04 13:53:00+00:00,8013.56,8013.56,8002.0,8002.01,25.221541
2019-06-04 13:54:00+00:00,8002.9,8007.61,8002.0,8005.13,11.947579
2019-06-04 13:55:00+00:00,8003.46,8012.57,8003.46,8011.0,17.463846
2019-06-04 13:56:00+00:00,8012.57,8014.4,8011.0,8012.33,10.857793
2019-06-04 13:57:00+00:00,8012.01,8017.97,8011.08,8016.48,11.341296
2019-06-04 13:58:00+00:00,8017.97,8026.29,8017.22,8024.15,16.551495
2019-06-04 13:59:00+00:00,8024.16,8027.33,8023.07,8026.01,26.9412
2019-06-04 14:00:00+00:00,8025.04,8027.24,8005.04,8007.59,55.122309
2019-06-04 14:01:00+00:00,8007.59,8023.63,7995.92,8017.07,67.708455
2019-06-04 14:02:00+00:00,8015.77,8019.74,8003.79,8005.67,26.513383
2019-06-04 14:03:00+00:00,8003.86,8016.91,8003.67,8007.38,48.548056
2019-06-04 14:04:00+00:00,8007.36,8013.62,7999.0,7999.0,46.61939
2019-06-04 14:05:00+00:00,7999.0,8005.43,7995.36,8004.17,20.937782
2019-06-04 14:06:00+00:00,8003.39,8004.3,7998.0,7998.0,28.970607
2019-06-04 14:07:00+00:00,7998.0,7999.99,7995.64,7996.37,19.03543
2019-06-04 14:08:00+00:00,7996.23,7999.51,7995.64,7998.74,13.201933
2019-06-04 14:09:00+00:00,7998.06,8004.19,7996.66,8002.15,15.105631
2019-06-04 14:10:00+00:00,8002.15,8011.98,8001.46,8009.28,48.144992
2019-06-04 14:11:00+00:00,8009.3,8013.17,8004.7,8012.02,19.799482
2019-06-04 14:12:00+00:00,8012.23,8013.0,8007.75,8013.0,35.218441
2019-06-04 14:13:00+00:00,8012.22,8013.0,8007.77,8007.97,20.648957
2019-06-04 14:14:00+00:00,8009.89,8010.6,8006.1,8009.9,8.124051
2019-06-04 14:15:00+00:00,8008.34,8014.0,8008.29,8014.0,20.502272
2019-06-04 14:16:00+00:00,8014.0,8019.67,8010.34,8018.52,33.449074
2019-06-04 14:17:00+00:00,8016.7,8018.53,8009.22,8010.39,19.90656
2019-06-04 14:18:00+00:00,8011.08,8011.54,8005.0,8006.94,23.939065
2019-06-04 14:19:00+00:00,8006.83,8007.89,8001.0,8002.73,29.96251
2019-06-04 14:20:00+00:00,8002.73,8006.22,8000.0,8002.12,15.509893
2019-06-04 14:21:00+00:00,8002.1,8005.67,7999.0,8004.29,18.096468
2019-06-04 14:22:00+00:00,8004.32,8005.76,7999.8,8002.07,12.088044
2019-06-04 14:23:00+00:00,8002.93,8003.0,7999.15,8000.85,7.896499
2019-06-04 14:24:00+00:00,8000.85,8002.0,7995.88,7999.12,19.435259
2019-06-04 14:25:00+00:00,7997.02,7999.12,7990.02,7990.79,23.947885
2019-06-04 14:26:00+00:00,7990.79,7990.79,7977.62,7983.18,27.867569
2019-06-04 14:27:00+00:00,7983.13,7988.19,7977.64,7987.77,40.508108
2019-06-04 14:28:00+00:00,7988.19,7997.03,7987.75,7991.91,16.293414
2019-06-04 14:29:00+00:00,7992.45,7995.95,7990.0,7992.67,16.16781
2019-06-04 14:30:00+00:00,7992.97,7994.42,7981.82,7983.82,15.109311
2019-06-04 14:31:00+00:00,7984.57,7988.08,7979.84,7984.84,56.899487
2019-06-04 14:32:00+00:00,7984.84,7990.0,7984.1,7987.32,14.65535
2019-06-04 14:33:00+00:00,7987.56,7989.97,7986.74,7987.62,14.809216
2019-06-04 14:34:00+00:00,7989.12,7996.73,7986.73,7989.82,51.045017
2019-06-04 14:35:00+00:00,7989.82,7990.45,7981.7,7982.74,17.461174
2019-06-04 14:36:00+00:00,7982.74,7988.99,7981.58,7988.2,25.307768
2019-06-04 14:37:00+00:00,7988.95,7989.29,7984.17,7988.55,13.002583
2019-06-04 14:38:00+00:00,7988.55,7995.99,7986.59,7993.09,20.81024
2019-06-04 14:39:00+00:00,7993.03,8000.78,7991.03,7998.43,26.181743
2019-06-04 14:40:00+00:00,7997.73,8006.19,7997.72,8003.44,34.463262
2019-06-04 14:41:00+00:00,8003.4,8004.84,7997.29,7997.79,23.25348
2019-06-04 14:42:00+00:00,7997.29,7998.27,7991.66,7995.36,22.614406
2019-06-04 14:43:00+00:00,7995.36,8000.0,7994.66,7999.99,17.11344
2019-06-04 14:44:00+00:00,7999.99,8003.44,7998.94,8001.47,35.77745
2019-06-04 14:45:00+00:00,8001.18,8004.68,7999.58,8003.84,24.855948
2019-06-04 14:46:00+00:00,8004.02,8004.65,8000.2,8001.06,13.798304
2019-06-04 14:47:00+00:00,8001.51,8002.99,7998.1,7999.96,30.495854
2019-06-04 14:48:00+00:00,7999.96,8000.0,7988.02,7990.98,42.975117
2019-06-04 14:49:00+00:00,7993.96,7998.68,7990.93,7993.8,12.311996
2019-06-04 14:50:00+00:00,7993.84,7996.99,7990.96,7994.32,6.764522
2019-06-04 14:51:00+00:00,7994.29,7994.3,7990.0,7992.4,20.28247
2019-06-04 14:52:00+00:00,7991.87,7994.0,7982.38,7986.47,42.534257
2019-06-04 14:53:00+00:00,7984.91,7990.36,7980.01,7983.28,25.61452
2019-06-04 14:54:00+00:00,7983.7,7986.0,7981.66,7982.26,18.595385
2019-06-04 14:55:00+00:00,7984.45,7984.45,7978.92,7979.7,21.535222
2019-06-04 14:56:00+00:00,7979.99,7979.99,7973.89,7977.01,23.343601
2019-06-04 14:57:00+00:00,7977.88,7979.0,7973.23,7977.47,24.185463
2019-06-04 14:58:00+00:00,7974.74,7977.19,7966.77,7974.99,24.764379
2019-06-04 14:59:00+00:00,7974.99,7977.37,7971.07,7975.07,20.072356
2019-06-04 15:00:00+00:00,7975.75,7985.34,7975.09,7982.99,20.999513
2019-06-04 15:01:00+00:00,7982.97,7985.0,7977.7,7980.11,18.653534
2019-06-04 15:02:00+00:00,7980.93,7981.09,7977.04,7978.33,12.477841
2019-06-04 15:03:00+00:00,7978.33,7985.97,7978.33,7985.83,9.737624
2019-06-04 15:04:00+00:00,7985.8,7986.22,7982.1,7985.02,7.726845
2019-06-04 15:05:00+00:00,7985.0,7985.01,7975.43,7976.79,20.444118
2019-06-04 15:06:00+00:00,7976.12,7979.34,7966.14,7968.45,30.644374
2019-06-04 15:07:00+00:00,7967.92,7968.45,7956.01,7958.63,55.747399
2019-06-04 15:08:00+00:00,7962.8,7962.8,7952.0,7955.4,36.4125
2019-06-04 15:09:00+00:00,7955.38,7969.65,7955.38,7961.17,28.842489
2019-06-04 15:10:00+00:00,7961.17,7970.14,7958.33,7968.22,28.120047
2019-06-04 15:11:00+00:00,7968.22,7977.82,7968.22,7974.91,23.206606
2019-06-04 15:12:00+00:00,7974.13,7978.41,7974.0,7975.74,17.869045
2019-06-04 15:13:00+00:00,7975.0,7982.61,7975.0,7981.5,33.619094
2019-06-04 15:14:00+00:00,7980.22,7984.78,7979.89,7982.19,22.280601
2019-06-04 15:15:00+00:00,7983.57,7984.95,7974.84,7976.22,16.62333
2019-06-04 15:16:00+00:00,7976.29,7982.45,7975.0,7981.22,16.98139
2019-06-04 15:17:00+00:00,7979.9,7988.55,7979.01,7986.85,12.231111
2019-06-04 15:18:00+00:00,7986.85,7995.0,7984.98,7995.0,43.788312
2019-06-04 15:19:00+00:00,7993.06,7995.0,7990.05,7994.98,37.667576
2019-06-04 15:20:00+00:00,7994.45,7994.98,7989.59,7993.18,95.098009
2019-06-04 15:21:00+00:00,7993.87,7996.14,7985.0,7992.93,65.763378
2019-06-04 15:22:00+00:00,7992.93,7997.99,7992.0,7997.25,17.715159
2019-06-04 15:23:00+00:00,7997.28,7997.28,7994.34,7996.48,15.154309
2019-06-04 15:24:00+00:00,7994.99,7996.49,7992.0,7994.57,19.107638
2019-06-04 15:25:00+00:00,7993.12,8005.0,7993.12,8005.0,32.688558
2019-06-04 15:26:00+00:00,8005.02,8013.42,8003.91,8012.91,25.524753
2019-06-04 15:27:00+00:00,8012.93,8012.97,7988.44,7993.57,42.228685
2019-06-04 15:28:00+00:00,7993.57,7995.27,7980.8,7992.54,23.086899
2019-06-04 15:29:00+00:00,7991.21,8007.0,7990.75,7998.7,28.317942
2019-06-04 15:30:00+00:00,7997.18,7999.99,7989.62,7999.99,12.722724
2019-06-04 15:31:00+00:00,7999.99,8010.0,7999.36,8004.86,44.279578
2019-06-04 15:32:00+00:00,8002.61,8005.0,8000.0,8003.99,27.556265
2019-06-04 15:33:00+00:00,8003.99,8004.0,7991.78,7997.6,43.371695
2019-06-04 15:34:00+00:00,7997.58,7999.87,7987.6,7990.99,53.900134
2019-06-04 15:35:00+00:00,7993.43,7993.45,7975.17,7989.84,67.043387
2019-06-04 15:36:00+00:00,7989.84,7993.77,7982.33,7985.41,32.676601
2019-06-04 15:37:00+00:00,7988.49,7997.79,7983.05,7993.4,35.076453
2019-06-04 15:38:00+00:00,7991.89,8000.0,7991.89,7999.97,36.699749
2019-06-04 15:39:00+00:00,7999.96,8003.39,7985.07,7986.34,33.874568
2019-06-04 15:40:00+00:00,7985.09,7994.73,7980.59,7984.65,20.343829
2019-06-04 15:41:00+00:00,7983.23,7984.66,7972.01,7978.7,28.212265
2019-06-04 15:42:00+00:00,7980.69,7981.42,7970.86,7973.86,27.495352
2019-06-04 15:43:00+00:00,7974.99,7988.06,7973.0,7988.03,36.321359
2019-06-04 15:44:00+00:00,7988.01,7988.01,7968.05,7970.0,41.03225
2019-06-04 15:45:00+00:00,7970.0,7970.0,7965.69,7968.13,25.36086
2019-06-04 15:46:00+00:00,7968.11,7969.05,7950.0,7967.73,84.011288
2019-06-04 15:47:00+00:00,7966.95,7969.03,7951.77,7956.04,36.058167
2019-06-04 15:48:00+00:00,7957.23,7961.88,7954.98,7956.27,18.644127
2019-06-04 15:49:00+00:00,7959.47,7959.47,7950.0,7958.94,23.794599
2019-06-04 15:50:00+00:00,7958.92,7963.76,7953.89,7959.93,21.406404
2019-06-04 15:51:00+00:00,7961.79,7969.05,7960.86,7967.91,30.498896
2019-06-04 15:52:00+00:00,7965.22,7978.25,7964.83,7974.75,28.007444
2019-06-04 15:53:00+00:00,7975.67,7978.89,7963.53,7964.49,33.567054
2019-06-04 15:54:00+00:00,7962.35,7973.16,7962.35,7964.5,19.769028
2019-06-04 15:55:00+00:00,7964.48,7964.5,7939.99,7947.21,450.517267
2019-06-04 15:56:00+00:00,7945.82,7946.77,7922.0,7934.66,105.470371
2019-06-04 15:57:00+00:00,7933.47,7944.06,7921.35,7928.18,66.768839
2019-06-04 15:58:00+00:00,7928.18,7940.0,7916.0,7940.0,83.08606
2019-06-04 15:59:00+00:00,7940.0,7944.91,7931.7,7941.11,23.563992
2019-06-04 16:00:00+00:00,7941.91,7959.61,7941.11,7946.75,35.743075
2019-06-04 16:01:00+00:00,7944.36,7945.27,7925.64,7928.56,71.314262
2019-06-04 16:02:00+00:00,7929.68,7933.33,7900.0,7900.0,168.123527
2019-06-04 16:03:00+00:00,7900.0,7927.93,7900.0,7911.58,94.306904
2019-06-04 16:04:00+00:00,7910.43,7926.71,7906.48,7925.99,35.605533
2019-06-04 16:05:00+00:00,7924.07,7932.81,7917.45,7925.0,36.511937
2019-06-04 16:06:00+00:00,7925.01,7925.77,7913.58,7914.22,30.851261
2019-06-04 16:07:00+00:00,7915.85,7936.3,7913.52,7932.5,47.07162
2019-06-04 16:08:00+00:00,7932.64,7938.86,7929.02,7936.89,18.088811
2019-06-04 16:09:00+00:00,7939.19,7940.0,7925.28,7927.04,29.198375
2019-06-04 16:10:00+00:00,7927.12,7940.09,7927.11,7940.08,17.96675
2019-06-04 16:11:00+00:00,7937.92,7943.03,7933.01,7934.57,30.511416
2019-06-04 16:12:00+00:00,7934.88,7943.16,7931.0,7937.13,23.587608
2019-06-04 16:13:00+00:00,7937.0,7948.92,7936.58,7947.04,21.060537
2019-06-04 16:14:00+00:00,7940.62,7955.77,7940.35,7949.95,27.688742
2019-06-04 16:15:00+00:00,7949.95,7949.96,7944.39,7947.04,18.534435
2019-06-04 16:16:00+00:00,7947.06,7947.95,7939.02,7940.23,26.511335
2019-06-04 16:17:00+00:00,7940.45,7943.93,7934.26,7942.0,24.440409
2019-06-04 16:18:00+00:00,7942.0,7947.74,7937.57,7939.75,22.315807
2019-06-04 16:19:00+00:00,7939.66,7947.99,7939.53,7945.27,19.405204
2019-06-04 16:20:00+00:00,7947.96,7958.8,7945.29,7957.01,25.506202
2019-06-04 16:21:00+00:00,7958.8,7969.67,7957.42,7965.13,28.93458
2019-06-04 16:22:00+00:00,7963.89,7976.99,7956.77,7971.63,40.454854
2019-06-04 16:23:00+00:00,7971.29,7973.0,7956.0,7963.69,30.151361
2019-06-04 16:24:00+00:00,7963.69,7969.88,7958.51,7962.07,12.557165
2019-06-04 16:25:00+00:00,7962.07,7963.16,7951.78,7959.72,13.185223
2019-06-04 16:26:00+00:00,7959.79,7960.95,7949.38,7951.58,27.971869
2019-06-04 16:27:00+00:00,7950.72,7960.23,7949.27,7959.33,27.437401
2019-06-04 16:28:00+00:00,7959.41,7963.49,7952.78,7956.5,37.795907
2019-06-04 16:29:00+00:00,7956.48,7959.03,7945.62,7955.27,24.018402
2019-06-04 16:30:00+00:00,7953.91,7955.96,7948.0,7951.69,13.316122
2019-06-04 16:31:00+00:00,7951.69,7959.0,7951.61,7956.77,27.560921
2019-06-04 16:32:00+00:00,7956.77,7966.26,7956.05,7960.07,40.101158
2019-06-04 16:33:00+00:00,7960.21,7963.28,7951.22,7953.71,19.67557
2019-06-04 16:34:00+00:00,7956.63,7958.18,7946.62,7949.19,26.199536
2019-06-04 16:35:00+00:00,7948.0,7948.95,7936.64,7936.77,16.662196
2019-06-04 16:36:00+00:00,7936.77,7938.91,7916.95,7919.2,60.299606
2019-06-04 16:37:00+00:00,7919.15,7927.69,7906.23,7909.8,38.75677
2019-06-04 16:38:00+00:00,7906.99,7926.3,7906.99,7921.58,26.941993
2019-06-04 16:39:00+00:00,7922.13,7922.3,7911.52,7921.27,16.078771
2019-06-04 16:40:00+00:00,7921.25,7926.71,7914.27,7921.99,30.044633
2019-06-04 16:41:00+00:00,7923.38,7925.99,7905.0,7905.01,23.957995
2019-06-04 16:42:00+00:00,7905.01,7908.28,7890.0,7902.89,111.281207
2019-06-04 16:43:00+00:00,7908.26,7911.69,7892.53,7902.95,34.794393
2019-06-04 16:44:00+00:00,7904.35,7917.88,7898.82,7915.64,27.462386
2019-06-04 16:45:00+00:00,7916.45,7933.92,7911.0,7928.94,30.536829
2019-06-04 16:46:00+00:00,7929.94,7935.03,7924.61,7932.01,20.051549
2019-06-04 16:47:00+00:00,7932.01,7934.61,7916.14,7924.22,20.159054
2019-06-04 16:48:00+00:00,7922.43,7930.0,7917.95,7918.24,34.038537
2019-06-04 16:49:00+00:00,7921.46,7928.36,7918.35,7924.39,12.571385
2019-06-04 16:50:00+00:00,7923.76,7926.9,7922.34,7923.26,14.43654
2019-06-04 16:51:00+00:00,7925.24,7925.24,7908.99,7909.18,36.108998
2019-06-04 16:52:00+00:00,7910.79,7918.65,7906.03,7912.76,24.146632
2019-06-04 16:53:00+00:00,7911.6,7922.67,7908.53,7917.99,18.077539
2019-06-04 16:54:00+00:00,7919.51,7926.0,7917.0,7925.99,26.659448
2019-06-04 16:55:00+00:00,7925.99,7930.0,7924.06,7927.22,17.738502
2019-06-04 16:56:00+00:00,7927.22,7931.16,7926.55,7930.02,13.019855
2019-06-04 16:57:00+00:00,7930.04,7933.33,7830.5,7891.75,455.92536
2019-06-04 16:58:00+00:00,7891.74,7909.15,7884.98,7891.14,55.901385
2019-06-04 16:59:00+00:00,7891.13,7912.08,7884.95,7910.66,237.594731
2019-06-04 17:00:00+00:00,7908.97,7922.62,7904.59,7914.29,63.259754
2019-06-04 17:01:00+00:00,7914.31,7927.0,7914.3,7923.5,47.20847
2019-06-04 17:02:00+00:00,7923.48,7923.5,7910.62,7912.09,20.654869
2019-06-04 17:03:00+00:00,7911.77,7921.03,7910.94,7916.85,25.583119
2019-06-04 17:04:00+00:00,7916.83,7920.0,7914.18,7915.79,31.309527
2019-06-04 17:05:00+00:00,7915.76,7920.0,7915.55,7919.96,147.458482
2019-06-04 17:06:00+00:00,7919.95,7920.0,7913.54,7915.92,26.967305
2019-06-04 17:07:00+00:00,7915.87,7915.88,7896.67,7901.98,35.038325
2019-06-04 17:08:00+00:00,7901.98,7909.99,7900.23,7901.55,32.206515
2019-06-04 17:09:00+00:00,7902.08,7909.33,7900.2,7904.8,20.82684
2019-06-04 17:10:00+00:00,7904.73,7904.87,7886.32,7888.26,41.881783
2019-06-04 17:11:00+00:00,7890.74,7892.9,7864.33,7867.81,51.460014
2019-06-04 17:12:00+00:00,7867.8,7871.37,7807.32,7810.0,208.313991
2019-06-04 17:13:00+00:00,7810.0,7861.33,7807.0,7836.72,212.350479
2019-06-04 17:14:00+00:00,7836.47,7847.25,7801.0,7837.73,159.377624
2019-06-04 17:15:00+00:00,7836.18,7838.39,7711.18,7764.6,653.775372
2019-06-04 17:16:00+00:00,7764.6,7828.03,7761.02,7809.88,258.447288
2019-06-04 17:17:00+00:00,7814.26,7820.0,7788.13,7797.74,209.729076
2019-06-04 17:18:00+00:00,7797.74,7830.0,7793.12,7821.73,157.712491
2019-06-04 17:19:00+00:00,7824.99,7840.0,7812.44,7818.2,130.635168
2019-06-04 17:20:00+00:00,7819.11,7846.32,7816.29,7819.28,118.919295
2019-06-04 17:21:00+00:00,7819.22,7823.61,7785.65,7804.98,149.716877
2019-06-04 17:22:00+00:00,7804.67,7805.01,7769.34,7783.35,143.305569
2019-06-04 17:23:00+00:00,7781.55,7785.51,7751.0,7755.33,181.081079
2019-06-04 17:24:00+00:00,7757.99,7791.97,7755.38,7781.91,100.791258
2019-06-04 17:25:00+00:00,7783.23,7808.17,7777.94,7806.99,89.043596
2019-06-04 17:26:00+00:00,7808.16,7830.02,7796.42,7810.63,92.191917
2019-06-04 17:27:00+00:00,7810.63,7827.2,7801.69,7814.49,97.55574
2019-06-04 17:28:00+00:00,7814.49,7815.0,7795.99,7804.36,71.739694
2019-06-04 17:29:00+00:00,7804.34,7804.36,7775.46,7790.56,73.922238
2019-06-04 17:30:00+00:00,7790.6,7797.0,7784.22,7790.0,72.054479
2019-06-04 17:31:00+00:00,7790.0,7804.99,7787.77,7795.22,90.126326
2019-06-04 17:32:00+00:00,7795.29,7808.14,7790.0,7806.21,76.960679
2019-06-04 17:33:00+00:00,7806.41,7825.97,7805.95,7810.26,106.839483
2019-06-04 17:34:00+00:00,7810.2,7823.81,7805.19,7814.64,47.170043
2019-06-04 17:35:00+00:00,7815.9,7817.5,7800.26,7804.37,40.050451
2019-06-04 17:36:00+00:00,7804.32,7804.37,7778.5,7780.0,138.969092
2019-06-04 17:37:00+00:00,7780.0,7788.58,7755.04,7761.21,89.70494
2019-06-04 17:38:00+00:00,7760.01,7790.0,7756.1,7770.74,71.707918
2019-06-04 17:39:00+00:00,7772.73,7774.52,7730.02,7735.2,93.446027
2019-06-04 17:40:00+00:00,7735.17,7743.93,7710.0,7710.01,573.36082
2019-06-04 17:41:00+00:00,7711.0,7750.0,7680.0,7691.78,500.441329
2019-06-04 17:42:00+00:00,7691.89,7738.78,7680.0,7680.0,572.643738
2019-06-04 17:43:00+00:00,7680.0,7705.37,7666.66,7683.27,281.493633
2019-06-04 17:44:00+00:00,7680.05,7688.93,7640.65,7643.53,352.251085
2019-06-04 17:45:00+00:00,7643.09,7663.62,7615.0,7659.25,478.193777
2019-06-04 17:46:00+00:00,7663.31,7699.43,7646.42,7672.25,257.96578
2019-06-04 17:47:00+00:00,7680.71,7686.58,7663.36,7684.94,128.604875
2019-06-04 17:48:00+00:00,7682.37,7690.0,7653.0,7665.43,127.07218
2019-06-04 17:49:00+00:00,7664.16,7670.0,7631.11,7657.28,112.488343
2019-06-04 17:50:00+00:00,7659.0,7664.99,7631.32,7642.97,95.835986
2019-06-04 17:51:00+00:00,7642.7,7643.29,7609.48,7616.86,138.279726
2019-06-04 17:52:00+00:00,7616.72,7656.54,7609.45,7652.82,161.362395
2019-06-04 17:53:00+00:00,7652.82,7670.0,7639.18,7658.66,109.996342
2019-06-04 17:54:00+00:00,7658.95,7673.44,7652.45,7673.44,64.05962
2019-06-04 17:55:00+00:00,7672.44,7675.37,7652.0,7660.45,79.667437
2019-06-04 17:56:00+00:00,7657.95,7660.45,7625.53,7638.69,107.426195
2019-06-04 17:57:00+00:00,7639.02,7652.02,7638.12,7648.89,51.047441
2019-06-04 17:58:00+00:00,7646.51,7656.79,7630.0,7644.6,67.913709
2019-06-04 17:59:00+00:00,7642.1,7646.19,7606.48,7621.24,104.219769
2019-06-04 18:00:00+00:00,7621.24,7640.82,7617.59,7636.73,102.918624
2019-06-04 18:01:00+00:00,7636.73,7654.0,7631.48,7647.68,94.793393
2019-06-04 18:02:00+00:00,7647.73,7655.0,7632.61,7647.44,57.595687
2019-06-04 18:03:00+00:00,7644.15,7650.0,7637.23,7645.14,72.748443
2019-06-04 18:04:00+00:00,7645.15,7665.0,7640.64,7661.53,73.130621
2019-06-04 18:05:00+00:00,7661.55,7665.36,7650.79,7660.0,87.497548
2019-06-04 18:06:00+00:00,7660.01,7667.39,7643.79,7666.82,50.956951
2019-06-04 18:07:00+00:00,7666.82,7693.31,7663.53,7690.37,108.128131
2019-06-04 18:08:00+00:00,7690.37,7722.58,7685.26,7718.0,259.708122
2019-06-04 18:09:00+00:00,7718.0,7728.52,7701.0,7704.8,430.456528
2019-06-04 18:10:00+00:00,7704.8,7711.36,7683.52,7702.27,119.079141
2019-06-04 18:11:00+00:00,7702.37,7706.78,7695.0,7706.39,210.778879
2019-06-04 18:12:00+00:00,7704.06,7715.36,7701.29,7704.0,78.56869
2019-06-04 18:13:00+00:00,7704.02,7709.08,7690.0,7690.83,60.444738
2019-06-04 18:14:00+00:00,7692.3,7695.36,7683.0,7683.27,57.062261
2019-06-04 18:15:00+00:00,7683.26,7693.24,7675.16,7691.54,55.660373
2019-06-04 18:16:00+00:00,7691.45,7709.89,7688.65,7706.74,40.15085
2019-06-04 18:17:00+00:00,7707.4,7719.0,7706.74,7715.75,33.266142
2019-06-04 18:18:00+00:00,7715.82,7719.99,7701.65,7709.14,41.923221
2019-06-04 18:19:00+00:00,7711.3,7728.7,7706.31,7719.81,62.122423
2019-06-04 18:20:00+00:00,7716.55,7721.63,7712.9,7718.98,35.006451
2019-06-04 18:21:00+00:00,7719.07,7725.68,7716.02,7719.71,24.529165
2019-06-04 18:22:00+00:00,7719.7,7727.1,7718.36,7726.0,29.607069
2019-06-04 18:23:00+00:00,7725.18,7735.38,7725.0,7735.16,30.695139
2019-06-04 18:24:00+00:00,7734.7,7736.0,7722.57,7726.32,154.310675
2019-06-04 18:25:00+00:00,7726.66,7732.9,7715.0,7717.1,57.313622
2019-06-04 18:26:00+00:00,7715.01,7717.11,7701.07,7706.55,43.263814
2019-06-04 18:27:00+00:00,7706.57,7710.94,7693.05,7700.0,34.941307
2019-06-04 18:28:00+00:00,7701.47,7720.35,7700.11,7717.82,36.108269
2019-06-04 18:29:00+00:00,7716.48,7731.26,7716.48,7729.34,22.610336
2019-06-04 18:30:00+00:00,7729.34,7736.0,7721.56,7733.95,29.25232
2019-06-04 18:31:00+00:00,7733.04,7733.05,7722.74,7723.9,32.112997
2019-06-04 18:32:00+00:00,7722.72,7726.17,7706.64,7708.38,30.699916
2019-06-04 18:33:00+00:00,7707.84,7712.63,7705.11,7705.11,38.939286
2019-06-04 18:34:00+00:00,7704.87,7704.87,7691.67,7700.55,37.921435
2019-06-04 18:35:00+00:00,7701.3,7704.89,7696.95,7702.64,49.28601
2019-06-04 18:36:00+00:00,7704.7,7709.99,7700.61,7709.99,25.468883
2019-06-04 18:37:00+00:00,7707.71,7714.12,7706.96,7711.0,24.519914
2019-06-04 18:38:00+00:00,7711.95,7715.89,7705.02,7707.6,22.34463
2019-06-04 18:39:00+00:00,7710.05,7712.14,7705.02,7707.35,22.57009
2019-06-04 18:40:00+00:00,7709.73,7719.77,7707.44,7718.92,30.904198
2019-06-04 18:41:00+00:00,7718.98,7726.23,7717.36,7725.93,36.102998
2019-06-04 18:42:00+00:00,7725.55,7729.61,7718.76,7718.77,56.325901
2019-06-04 18:43:00+00:00,7721.17,7722.4,7705.23,7708.94,35.965161
2019-06-04 18:44:00+00:00,7708.97,7719.7,7707.12,7712.01,20.822254
2019-06-04 18:45:00+00:00,7712.01,7713.99,7700.11,7705.62,46.117038
2019-06-04 18:46:00+00:00,7707.93,7707.93,7700.53,7704.54,25.741569
2019-06-04 18:47:00+00:00,7703.59,7709.3,7700.52,7706.98,20.255973
2019-06-04 18:48:00+00:00,7706.86,7707.0,7687.3,7687.97,75.322224
2019-06-04 18:49:00+00:00,7689.9,7689.9,7659.27,7664.81,112.050274
2019-06-04 18:50:00+00:00,7660.31,7673.61,7641.97,7665.86,150.469333
2019-06-04 18:51:00+00:00,7665.86,7680.04,7664.84,7674.11,43.64311
2019-06-04 18:52:00+00:00,7677.38,7679.96,7665.86,7669.19,52.294089
2019-06-04 18:53:00+00:00,7669.19,7674.81,7660.0,7663.68,21.647729
2019-06-04 18:54:00+00:00,7663.69,7669.39,7651.45,7658.0,226.923893
2019-06-04 18:55:00+00:00,7658.0,7658.0,7651.44,7654.9,85.500284
2019-06-04 18:56:00+00:00,7655.32,7667.0,7652.83,7663.85,147.751831
2019-06-04 18:57:00+00:00,7661.96,7661.96,7626.72,7638.43,74.372894
2019-06-04 18:58:00+00:00,7639.99,7653.0,7636.9,7648.66,48.704325
2019-06-04 18:59:00+00:00,7646.47,7669.12,7640.7,7669.05,46.358486
2019-06-04 19:00:00+00:00,7667.39,7670.86,7652.18,7659.69,58.800928
2019-06-04 19:01:00+00:00,7661.97,7669.13,7658.53,7666.4,16.405673
2019-06-04 19:02:00+00:00,7666.44,7675.0,7663.81,7675.0,29.250095
2019-06-04 19:03:00+00:00,7673.57,7681.2,7671.46,7675.0,62.15465
2019-06-04 19:04:00+00:00,7674.97,7686.8,7672.99,7675.95,52.14489
2019-06-04 19:05:00+00:00,7676.11,7681.48,7669.04,7673.98,35.168074
2019-06-04 19:06:00+00:00,7673.16,7674.44,7658.53,7662.09,39.480597
2019-06-04 19:07:00+00:00,7662.09,7662.9,7633.28,7638.3,91.699314
2019-06-04 19:08:00+00:00,7638.33,7640.91,7613.84,7619.8,170.615038
2019-06-04 19:09:00+00:00,7616.09,7619.27,7575.0,7594.13,380.221735
2019-06-04 19:10:00+00:00,7593.53,7604.0,7552.0,7553.13,170.720645
2019-06-04 19:11:00+00:00,7552.0,7605.0,7531.11,7605.0,517.195493
2019-06-04 19:12:00+00:00,7603.97,7612.59,7574.48,7588.76,173.177326
2019-06-04 19:13:00+00:00,7590.79,7646.28,7590.79,7626.9,138.083554
2019-06-04 19:14:00+00:00,7626.88,7644.93,7612.67,7629.08,119.605098
2019-06-04 19:15:00+00:00,7629.07,7630.86,7597.93,7617.66,102.899255
2019-06-04 19:16:00+00:00,7617.66,7626.43,7600.0,7606.93,75.005858
2019-06-04 19:17:00+00:00,7606.93,7622.88,7604.77,7619.88,57.957451
2019-06-04 19:18:00+00:00,7619.88,7631.97,7613.02,7629.34,69.185092
2019-06-04 19:19:00+00:00,7629.35,7646.33,7629.35,7645.41,90.653765
2019-06-04 19:20:00+00:00,7643.62,7655.84,7639.67,7642.6,39.344225
2019-06-04 19:21:00+00:00,7642.67,7646.44,7622.56,7636.26,49.974889
2019-06-04 19:22:00+00:00,7637.56,7647.15,7613.96,7635.46,53.863492
2019-06-04 19:23:00+00:00,7633.44,7636.63,7599.0,7625.0,114.002508
2019-06-04 19:24:00+00:00,7625.0,7625.0,7600.0,7608.54,78.548481
2019-06-04 19:25:00+00:00,7610.9,7620.63,7571.54,7588.02,124.033058
2019-06-04 19:26:00+00:00,7588.95,7614.15,7586.9,7602.11,120.955449
2019-06-04 19:27:00+00:00,7602.05,7622.77,7600.0,7613.2,71.606501
2019-06-04 19:28:00+00:00,7613.2,7628.65,7611.96,7620.0,69.453166
2019-06-04 19:29:00+00:00,7620.0,7622.2,7615.68,7619.23,28.014521
2019-06-04 19:30:00+00:00,7621.82,7621.83,7605.77,7613.2,39.003086
2019-06-04 19:31:00+00:00,7613.03,7613.03,7600.0,7602.36,47.116654
2019-06-04 19:32:00+00:00,7602.36,7605.83,7579.0,7585.5,82.688746
2019-06-04 19:33:00+00:00,7587.41,7598.03,7584.81,7592.35,60.383682
2019-06-04 19:34:00+00:00,7592.39,7619.37,7590.72,7613.99,63.008639
2019-06-04 19:35:00+00:00,7613.97,7649.41,7612.12,7640.26,102.846226
2019-06-04 19:36:00+00:00,7640.24,7669.07,7625.53,7647.43,86.272555
2019-06-04 19:37:00+00:00,7643.16,7662.53,7636.92,7657.6,139.127035
2019-06-04 19:38:00+00:00,7656.53,7669.61,7648.32,7658.56,83.726171
2019-06-04 19:39:00+00:00,7658.65,7680.25,7654.66,7668.55,91.262682
2019-06-04 19:40:00+00:00,7668.56,7681.77,7668.56,7676.02,75.463016
2019-06-04 19:41:00+00:00,7676.03,7679.31,7654.66,7658.4,45.500734
2019-06-04 19:42:00+00:00,7660.75,7668.85,7651.26,7667.92,61.03112
2019-06-04 19:43:00+00:00,7664.55,7671.08,7660.05,7665.45,33.340482
2019-06-04 19:44:00+00:00,7670.17,7670.99,7660.0,7662.95,24.825722
2019-06-04 19:45:00+00:00,7662.95,7666.12,7653.17,7660.38,44.835761
2019-06-04 19:46:00+00:00,7657.33,7658.0,7644.59,7647.87,40.838079
2019-06-04 19:47:00+00:00,7647.78,7655.0,7641.71,7651.38,56.219105
2019-06-04 19:48:00+00:00,7651.38,7651.69,7641.14,7644.0,25.878289
2019-06-04 19:49:00+00:00,7641.87,7643.56,7621.25,7643.56,54.520723
2019-06-04 19:50:00+00:00,7643.56,7650.0,7636.74,7649.01,44.492961
2019-06-04 19:51:00+00:00,7647.9,7649.74,7632.88,7638.85,26.026693
2019-06-04 19:52:00+00:00,7639.95,7648.74,7633.0,7645.71,22.261337
2019-06-04 19:53:00+00:00,7648.17,7655.0,7637.42,7648.79,40.629595
2019-06-04 19:54:00+00:00,7648.81,7666.12,7645.3,7664.0,40.360341
2019-06-04 19:55:00+00:00,7663.95,7664.72,7639.93,7649.75,70.108947
2019-06-04 19:56:00+00:00,7648.73,7650.79,7639.01,7643.73,14.892261
2019-06-04 19:57:00+00:00,7640.35,7645.72,7638.05,7640.97,32.01362
2019-06-04 19:58:00+00:00,7640.99,7641.01,7609.79,7612.95,71.742398
2019-06-04 19:59:00+00:00,7612.95,7631.0,7611.09,7621.46,68.867326
2019-06-04 20:00:00+00:00,7621.51,7625.98,7615.01,7623.08,39.968265
2019-06-04 20:01:00+00:00,7625.36,7629.46,7611.13,7615.17,30.304739
2019-06-04 20:02:00+00:00,7613.51,7622.27,7601.98,7604.74,43.153238
2019-06-04 20:03:00+00:00,7602.31,7611.67,7590.0,7602.47,81.20994
2019-06-04 20:04:00+00:00,7602.47,7607.8,7587.0,7600.92,93.937927
2019-06-04 20:05:00+00:00,7604.22,7612.82,7598.39,7604.02,47.181503
2019-06-04 20:06:00+00:00,7603.18,7612.88,7603.17,7608.89,36.190389
2019-06-04 20:07:00+00:00,7608.88,7623.05,7605.22,7623.05,43.122197
2019-06-04 20:08:00+00:00,7623.05,7631.48,7620.23,7628.95,30.027638
2019-06-04 20:09:00+00:00,7628.49,7647.22,7626.61,7637.11,113.175115
2019-06-04 20:10:00+00:00,7637.11,7656.52,7637.11,7655.0,73.542592
2019-06-04 20:11:00+00:00,7655.0,7656.57,7638.39,7645.97,50.740382
2019-06-04 20:12:00+00:00,7647.64,7656.6,7645.88,7652.86,35.549265
2019-06-04 20:13:00+00:00,7652.86,7660.0,7650.0,7651.21,50.917167
2019-06-04 20:14:00+00:00,7652.32,7652.32,7632.95,7637.27,37.178761
2019-06-04 20:15:00+00:00,7637.27,7650.0,7636.42,7647.26,24.248363
2019-06-04 20:16:00+00:00,7648.84,7662.36,7646.79,7661.21,26.863283
2019-06-04 20:17:00+00:00,7662.36,7662.36,7655.37,7660.07,20.241465
2019-06-04 20:18:00+00:00,7660.0,7667.48,7658.71,7661.16,56.625591
2019-06-04 20:19:00+00:00,7661.23,7664.25,7655.98,7660.54,18.963829
2019-06-04 20:20:00+00:00,7659.18,7674.41,7657.14,7674.34,28.833821
2019-06-04 20:21:00+00:00,7674.41,7681.77,7672.18,7681.0,59.280054
2019-06-04 20:22:00+00:00,7681.0,7685.0,7657.8,7660.0,54.284376
2019-06-04 20:23:00+00:00,7660.58,7666.24,7656.48,7660.81,22.051583
2019-06-04 20:24:00+00:00,7659.2,7661.64,7653.62,7658.99,20.061971
2019-06-04 20:25:00+00:00,7657.94,7674.16,7657.94,7672.88,27.631798
2019-06-04 20:26:00+00:00,7674.13,7674.96,7665.01,7668.88,23.785095
2019-06-04 20:27:00+00:00,7669.24,7673.13,7666.36,7670.19,28.07458
2019-06-04 20:28:00+00:00,7670.41,7673.13,7667.02,7670.78,21.610848
2019-06-04 20:29:00+00:00,7670.02,7670.02,7660.0,7661.62,26.372089
2019-06-04 20:30:00+00:00,7660.52,7666.5,7656.08,7666.0,24.053819
2019-06-04 20:31:00+00:00,7665.43,7665.94,7646.59,7654.78,29.11432
2019-06-04 20:32:00+00:00,7653.2,7654.13,7631.59,7634.93,23.620492
2019-06-04 20:33:00+00:00,7634.88,7635.6,7625.0,7628.87,34.439917
2019-06-04 20:34:00+00:00,7628.87,7648.11,7627.52,7642.77,34.490201
2019-06-04 20:35:00+00:00,7643.2,7655.06,7640.83,7645.0,23.75004
2019-06-04 20:36:00+00:00,7645.0,7649.61,7640.84,7645.45,23.611876
2019-06-04 20:37:00+00:00,7645.45,7654.09,7645.45,7653.14,13.03086
2019-06-04 20:38:00+00:00,7651.75,7655.0,7649.24,7652.38,15.285838
2019-06-04 20:39:00+00:00,7654.06,7654.06,7647.48,7652.36,11.715969
2019-06-04 20:40:00+00:00,7653.03,7655.0,7646.02,7649.96,33.437511
2019-06-04 20:41:00+00:00,7649.96,7659.99,7649.96,7657.93,25.754687
2019-06-04 20:42:00+00:00,7658.45,7660.39,7653.03,7659.54,17.566679
2019-06-04 20:43:00+00:00,7660.08,7668.1,7660.08,7664.14,18.635787
2019-06-04 20:44:00+00:00,7664.02,7673.78,7662.15,7673.78,16.692258
2019-06-04 20:45:00+00:00,7673.08,7689.99,7672.32,7683.83,40.603502
2019-06-04 20:46:00+00:00,7684.88,7701.19,7679.98,7684.71,92.059878
2019-06-04 20:47:00+00:00,7684.72,7692.27,7682.47,7685.11,12.141733
2019-06-04 20:48:00+00:00,7687.75,7687.75,7671.51,7678.04,25.789253
2019-06-04 20:49:00+00:00,7678.26,7681.71,7671.1,7675.57,21.725718
2019-06-04 20:50:00+00:00,7675.68,7677.96,7671.34,7671.95,10.78163
2019-06-04 20:51:00+00:00,7671.93,7674.41,7667.96,7671.24,19.300129
2019-06-04 20:52:00+00:00,7671.86,7674.25,7670.2,7673.74,20.718187
2019-06-04 20:53:00+00:00,7673.98,7686.81,7673.74,7680.0,21.76175
2019-06-04 20:54:00+00:00,7680.0,7686.04,7672.67,7684.04,24.135082
2019-06-04 20:55:00+00:00,7684.06,7690.0,7680.88,7681.94,18.862888
2019-06-04 20:56:00+00:00,7681.94,7689.86,7680.05,7687.66,20.371277
2019-06-04 20:57:00+00:00,7685.12,7687.54,7676.21,7679.35,12.067167
2019-06-04 20:58:00+00:00,7677.97,7679.49,7665.49,7673.1,16.367886
2019-06-04 20:59:00+00:00,7668.95,7674.71,7667.48,7669.76,11.206554
2019-06-04 21:00:00+00:00,7668.81,7689.09,7665.93,7681.89,113.981155
2019-06-04 21:01:00+00:00,7684.45,7690.0,7679.0,7689.61,18.408034
2019-06-04 21:02:00+00:00,7689.61,7689.63,7684.65,7686.94,11.596572
2019-06-04 21:03:00+00:00,7686.96,7690.64,7681.61,7686.49,19.265181
2019-06-04 21:04:00+00:00,7687.05,7694.9,7686.8,7688.1,22.150697
2019-06-04 21:05:00+00:00,7688.04,7691.0,7686.24,7688.43,20.143824
2019-06-04 21:06:00+00:00,7688.43,7692.05,7688.0,7691.36,13.584394
2019-06-04 21:07:00+00:00,7690.29,7702.57,7689.2,7698.09,28.697505
2019-06-04 21:08:00+00:00,7698.13,7700.92,7693.52,7696.15,21.173872
2019-06-04 21:09:00+00:00,7695.92,7698.63,7693.16,7696.65,16.266082
2019-06-04 21:10:00+00:00,7698.37,7702.04,7696.83,7701.97,23.212649
2019-06-04 21:11:00+00:00,7701.99,7713.0,7699.75,7713.0,27.766642
2019-06-04 21:12:00+00:00,7713.0,7740.8,7713.0,7717.11,136.781814
2019-06-04 21:13:00+00:00,7717.26,7721.44,7710.03,7714.61,42.271323
2019-06-04 21:14:00+00:00,7714.6,7714.6,7690.0,7690.0,53.206804
2019-06-04 21:15:00+00:00,7690.01,7691.44,7680.36,7685.4,35.838183
2019-06-04 21:16:00+00:00,7685.0,7685.57,7678.68,7679.84,31.101061
2019-06-04 21:17:00+00:00,7679.84,7690.0,7666.81,7670.09,37.792924
2019-06-04 21:18:00+00:00,7671.26,7671.26,7649.27,7649.27,37.341809
2019-06-04 21:19:00+00:00,7649.91,7654.84,7640.01,7647.43,26.330649
2019-06-04 21:20:00+00:00,7647.27,7649.79,7625.03,7638.48,84.824083
2019-06-04 21:21:00+00:00,7638.49,7662.12,7636.03,7656.04,67.47849
2019-06-04 21:22:00+00:00,7653.54,7670.98,7653.52,7659.23,25.297571
2019-06-04 21:23:00+00:00,7660.4,7668.73,7657.17,7662.49,16.203184
2019-06-04 21:24:00+00:00,7662.46,7665.4,7659.37,7664.98,10.297114
2019-06-04 21:25:00+00:00,7663.57,7669.0,7657.34,7658.63,47.554352
2019-06-04 21:26:00+00:00,7657.42,7659.95,7644.78,7649.06,33.948253
2019-06-04 21:27:00+00:00,7649.0,7660.05,7644.06,7657.82,33.811701
2019-06-04 21:28:00+00:00,7657.81,7657.81,7651.96,7652.09,13.74401
2019-06-04 21:29:00+00:00,7654.3,7654.4,7638.18,7643.25,16.333076
2019-06-04 21:30:00+00:00,7643.19,7643.81,7624.0,7625.0,29.522811
2019-06-04 21:31:00+00:00,7625.0,7630.79,7621.6,7623.9,16.462787
2019-06-04 21:32:00+00:00,7623.9,7624.21,7602.0,7606.53,50.709654
2019-06-04 21:33:00+00:00,7604.07,7618.03,7601.32,7613.73,50.971425
2019-06-04 21:34:00+00:00,7615.8,7618.18,7605.0,7605.65,20.486396
2019-06-04 21:35:00+00:00,7606.6,7608.08,7591.0,7591.0,51.157229
2019-06-04 21:36:00+00:00,7593.13,7593.13,7573.73,7575.0,97.438679
2019-06-04 21:37:00+00:00,7575.0,7586.98,7558.31,7586.93,84.364516
2019-06-04 21:38:00+00:00,7584.83,7600.53,7582.97,7600.53,53.979558
2019-06-04 21:39:00+00:00,7600.0,7608.07,7595.06,7599.86,51.889095
2019-06-04 21:40:00+00:00,7599.55,7608.09,7595.81,7604.62,50.229871
2019-06-04 21:41:00+00:00,7606.79,7606.79,7585.04,7590.04,28.561486
2019-06-04 21:42:00+00:00,7586.88,7603.98,7586.42,7600.9,30.946072
2019-06-04 21:43:00+00:00,7600.1,7600.97,7590.62,7592.64,21.673791
2019-06-04 21:44:00+00:00,7593.78,7593.78,7575.62,7580.31,43.159142
2019-06-04 21:45:00+00:00,7580.33,7592.81,7577.9,7590.0,27.601425
2019-06-04 21:46:00+00:00,7590.01,7605.77,7590.01,7601.49,24.164669
2019-06-04 21:47:00+00:00,7601.49,7605.39,7590.7,7593.56,13.549257
2019-06-04 21:48:00+00:00,7594.89,7603.0,7590.01,7603.0,34.583752
2019-06-04 21:49:00+00:00,7600.35,7605.96,7600.35,7603.69,14.028718
2019-06-04 21:50:00+00:00,7603.0,7609.79,7602.0,7609.0,14.944439
2019-06-04 21:51:00+00:00,7609.79,7609.87,7605.92,7608.4,9.515782
2019-06-04 21:52:00+00:00,7608.87,7610.09,7603.52,7605.94,21.266222
2019-06-04 21:53:00+00:00,7605.94,7608.28,7603.26,7605.32,11.67408
2019-06-04 21:54:00+00:00,7604.06,7604.08,7581.0,7581.0,38.515268
2019-06-04 21:55:00+00:00,7582.48,7582.48,7513.01,7519.67,235.396618
2019-06-04 21:56:00+00:00,7519.67,7549.0,7512.0,7529.98,131.461331
2019-06-04 21:57:00+00:00,7527.82,7551.12,7510.98,7550.18,181.297909
2019-06-04 21:58:00+00:00,7551.47,7552.0,7531.46,7534.79,28.124115
2019-06-04 21:59:00+00:00,7533.05,7537.21,7486.0,7494.11,307.54522
2019-06-04 22:00:00+00:00,7490.2,7540.0,7481.02,7526.14,197.434564
2019-06-04 22:01:00+00:00,7526.73,7533.43,7490.03,7508.89,107.748937
2019-06-04 22:02:00+00:00,7508.87,7533.43,7503.5,7529.99,109.293949
2019-06-04 22:03:00+00:00,7529.99,7544.88,7520.68,7535.19,154.818481
2019-06-04 22:04:00+00:00,7535.19,7551.02,7535.0,7540.41,54.099529
2019-06-04 22:05:00+00:00,7544.93,7548.97,7528.95,7529.43,61.950075
2019-06-04 22:06:00+00:00,7531.94,7546.0,7530.19,7545.99,33.761474
2019-06-04 22:07:00+00:00,7545.99,7579.48,7544.0,7562.83,112.664457
2019-06-04 22:08:00+00:00,7562.71,7575.14,7553.68,7553.68,64.762693
2019-06-04 22:09:00+00:00,7556.58,7569.21,7548.02,7551.38,68.503212
2019-06-04 22:10:00+00:00,7551.39,7569.17,7549.29,7561.7,27.226992
2019-06-04 22:11:00+00:00,7564.66,7568.85,7557.12,7561.82,24.783665
2019-06-04 22:12:00+00:00,7562.44,7568.86,7541.58,7547.5,57.246987
2019-06-04 22:13:00+00:00,7549.96,7562.09,7542.04,7562.08,40.023788
2019-06-04 22:14:00+00:00,7561.22,7565.98,7552.49,7563.83,50.393056
2019-06-04 22:15:00+00:00,7563.66,7600.0,7556.37,7599.99,69.690759
2019-06-04 22:16:00+00:00,7600.0,7600.0,7582.42,7598.75,99.946583
2019-06-04 22:17:00+00:00,7598.91,7610.09,7597.0,7600.0,62.578947
2019-06-04 22:18:00+00:00,7600.0,7610.09,7597.17,7600.0,58.798915
2019-06-04 22:19:00+00:00,7600.0,7600.0,7589.88,7592.09,31.396881
2019-06-04 22:20:00+00:00,7591.33,7596.43,7585.84,7589.8,48.891231
2019-06-04 22:21:00+00:00,7589.08,7595.0,7580.71,7593.27,24.400501
2019-06-04 22:22:00+00:00,7593.39,7622.01,7592.44,7613.01,37.876114
2019-06-04 22:23:00+00:00,7614.22,7663.79,7612.97,7660.91,64.269705
2019-06-04 22:24:00+00:00,7660.89,7661.01,7620.41,7640.71,97.176745
2019-06-04 22:25:00+00:00,7644.93,7645.7,7627.24,7627.24,41.292458
2019-06-04 22:26:00+00:00,7629.38,7635.83,7627.24,7632.9,24.807183
2019-06-04 22:27:00+00:00,7632.88,7634.63,7616.57,7617.82,37.710466
2019-06-04 22:28:00+00:00,7620.85,7625.22,7610.0,7614.94,31.066298
2019-06-04 22:29:00+00:00,7618.56,7629.55,7612.51,7624.82,21.600165
2019-06-04 22:30:00+00:00,7619.48,7645.33,7619.04,7634.81,32.617386
2019-06-04 22:31:00+00:00,7634.86,7650.0,7634.57,7645.77,31.429279
2019-06-04 22:32:00+00:00,7646.83,7650.28,7621.75,7630.11,24.49935
2019-06-04 22:33:00+00:00,7632.94,7645.17,7630.61,7642.88,17.180148
2019-06-04 22:34:00+00:00,7640.5,7645.03,7630.49,7634.92,27.783106
2019-06-04 22:35:00+00:00,7634.96,7637.28,7621.82,7626.59,34.349992
2019-06-04 22:36:00+00:00,7628.26,7631.11,7613.03,7616.88,19.233907
2019-06-04 22:37:00+00:00,7613.11,7621.17,7609.31,7611.43,23.495165
2019-06-04 22:38:00+00:00,7614.34,7617.99,7601.47,7614.98,38.724868
2019-06-04 22:39:00+00:00,7614.96,7624.45,7610.99,7620.03,21.104376
2019-06-04 22:40:00+00:00,7620.62,7621.93,7610.04,7614.31,21.22494
2019-06-04 22:41:00+00:00,7614.87,7617.0,7612.39,7613.75,7.54174
2019-06-04 22:42:00+00:00,7613.77,7623.36,7612.63,7622.81,15.465142
2019-06-04 22:43:00+00:00,7622.8,7629.32,7620.42,7629.17,24.5631
2019-06-04 22:44:00+00:00,7628.9,7644.57,7627.35,7643.7,39.707526
2019-06-04 22:45:00+00:00,7641.02,7643.59,7628.45,7628.45,24.264637
2019-06-04 22:46:00+00:00,7629.02,7629.23,7625.33,7628.88,7.653277
2019-06-04 22:47:00+00:00,7626.68,7626.68,7608.8,7616.66,34.079656
2019-06-04 22:48:00+00:00,7614.96,7620.0,7607.0,7617.8,18.845573
2019-06-04 22:49:00+00:00,7618.13,7627.43,7615.06,7623.7,14.614203
2019-06-04 22:50:00+00:00,7622.3,7634.32,7622.3,7629.71,23.011531
2019-06-04 22:51:00+00:00,7629.45,7632.8,7625.0,7628.64,22.665717
2019-06-04 22:52:00+00:00,7629.57,7645.0,7627.91,7641.9,44.523136
2019-06-04 22:53:00+00:00,7643.94,7655.12,7642.15,7655.11,60.623181
2019-06-04 22:54:00+00:00,7654.06,7657.05,7642.05,7653.49,46.668764
2019-06-04 22:55:00+00:00,7656.6,7671.0,7653.66,7670.45,23.163524
2019-06-04 22:56:00+00:00,7671.0,7684.0,7652.36,7664.25,77.925365
2019-06-04 22:57:00+00:00,7665.48,7669.87,7655.6,7658.47,67.960158
2019-06-04 22:58:00+00:00,7661.52,7661.66,7650.06,7652.54,26.94463
2019-06-04 22:59:00+00:00,7652.54,7660.63,7652.03,7656.1,9.618112
2019-06-04 23:00:00+00:00,7656.43,7666.09,7653.74,7660.98,24.832542
2019-06-04 23:01:00+00:00,7660.98,7666.34,7660.01,7666.34,19.970242
2019-06-04 23:02:00+00:00,7668.0,7676.45,7666.78,7674.18,21.524473
2019-06-04 23:03:00+00:00,7674.07,7678.18,7668.4,7675.58,9.314835
2019-06-04 23:04:00+00:00,7675.35,7684.99,7668.06,7668.06,24.183416
2019-06-04 23:05:00+00:00,7670.2,7677.81,7668.0,7676.1,13.711043
2019-06-04 23:06:00+00:00,7676.43,7690.0,7675.73,7690.0,38.274854
2019-06-04 23:07:00+00:00,7690.0,7696.0,7685.05,7689.65,34.391897
2019-06-04 23:08:00+00:00,7689.99,7695.99,7681.62,7682.86,21.065254
2019-06-04 23:09:00+00:00,7683.13,7686.63,7671.35,7672.56,32.150537
2019-06-04 23:10:00+00:00,7672.18,7675.35,7665.6,7667.26,14.923756
2019-06-04 23:11:00+00:00,7669.13,7670.61,7662.56,7664.94,10.763051
2019-06-04 23:12:00+00:00,7664.94,7664.94,7646.05,7650.43,29.682812
2019-06-04 23:13:00+00:00,7647.58,7650.25,7638.04,7646.34,26.158572
2019-06-04 23:14:00+00:00,7646.41,7651.09,7641.38,7651.09,23.453774
2019-06-04 23:15:00+00:00,7651.09,7659.16,7648.3,7653.35,24.466809
2019-06-04 23:16:00+00:00,7653.25,7654.8,7642.4,7644.44,14.04408
2019-06-04 23:17:00+00:00,7645.48,7649.82,7641.97,7643.89,14.681266
2019-06-04 23:18:00+00:00,7645.36,7645.36,7636.4,7641.97,22.605379
2019-06-04 23:19:00+00:00,7641.98,7641.98,7634.01,7638.28,29.028043
2019-06-04 23:20:00+00:00,7635.46,7644.7,7635.41,7640.35,34.979916
2019-06-04 23:21:00+00:00,7642.26,7644.99,7634.67,7636.3,14.004505
2019-06-04 23:22:00+00:00,7635.31,7636.27,7630.73,7634.14,10.486406
2019-06-04 23:23:00+00:00,7632.58,7636.33,7630.73,7634.1,8.22012
2019-06-04 23:24:00+00:00,7634.7,7638.35,7632.79,7636.0,12.547621
2019-06-04 23:25:00+00:00,7636.07,7654.41,7636.07,7654.41,34.33625
2019-06-04 23:26:00+00:00,7654.41,7661.82,7654.23,7659.42,19.728189
2019-06-04 23:27:00+00:00,7660.23,7677.85,7657.67,7676.11,47.000272
2019-06-04 23:28:00+00:00,7675.83,7680.69,7674.01,7678.9,23.122466
2019-06-04 23:29:00+00:00,7677.96,7677.96,7665.7,7672.42,22.747189
2019-06-04 23:30:00+00:00,7670.59,7670.59,7653.08,7657.55,21.783202
2019-06-04 23:31:00+00:00,7657.6,7663.3,7645.65,7650.12,34.385033
2019-06-04 23:32:00+00:00,7651.54,7654.71,7648.09,7652.33,8.473907
2019-06-04 23:33:00+00:00,7652.67,7663.7,7651.15,7655.99,11.773505
2019-06-04 23:34:00+00:00,7654.44,7656.06,7647.0,7649.99,66.181046
2019-06-04 23:35:00+00:00,7649.94,7649.94,7636.71,7640.97,20.927379
2019-06-04 23:36:00+00:00,7640.96,7648.22,7635.17,7640.94,18.013315
2019-06-04 23:37:00+00:00,7638.4,7640.75,7633.02,7634.71,17.681814
2019-06-04 23:38:00+00:00,7637.06,7642.37,7634.71,7637.34,17.793285
2019-06-04 23:39:00+00:00,7638.11,7646.0,7636.13,7639.96,11.978085
2019-06-04 23:40:00+00:00,7639.94,7660.25,7639.53,7656.12,17.226472
2019-06-04 23:41:00+00:00,7656.2,7669.2,7656.15,7663.3,15.56288
2019-06-04 23:42:00+00:00,7664.78,7676.59,7662.66,7673.34,33.445508
2019-06-04 23:43:00+00:00,7673.14,7673.14,7663.46,7669.81,17.491145
2019-06-04 23:44:00+00:00,7671.36,7672.03,7660.3,7663.36,22.970002
2019-06-04 23:45:00+00:00,7664.82,7668.11,7663.65,7666.13,10.388078
2019-06-04 23:46:00+00:00,7666.37,7666.95,7655.0,7659.63,19.88516
2019-06-04 23:47:00+00:00,7657.83,7667.79,7656.94,7663.76,15.978747
2019-06-04 23:48:00+00:00,7663.19,7664.75,7655.14,7660.99,28.786366
2019-06-04 23:49:00+00:00,7660.97,7664.0,7657.95,7659.84,22.360284
2019-06-04 23:50:00+00:00,7659.39,7672.96,7658.72,7670.49,25.943594
2019-06-04 23:51:00+00:00,7671.7,7674.97,7667.2,7674.93,9.979955
2019-06-04 23:52:00+00:00,7673.67,7684.99,7672.97,7683.76,33.717839
2019-06-04 23:53:00+00:00,7682.93,7685.09,7677.41,7679.22,20.655709
2019-06-04 23:54:00+00:00,7677.66,7679.22,7675.0,7675.41,6.960914
2019-06-04 23:55:00+00:00,7676.54,7689.76,7675.43,7689.75,25.970567
2019-06-04 23:56:00+00:00,7689.76,7698.83,7683.24,7698.41,44.771543
2019-06-04 23:57:00+00:00,7696.69,7700.0,7694.55,7697.98,24.668833
2019-06-04 23:58:00+00:00,7697.66,7698.47,7685.74,7688.97,28.842888
2019-06-04 23:59:00+00:00,7690.97,7694.31,7685.77,7687.03,15.25532
