{
  "facebook_app_id": "SDC_FACEBOOK_APP_ID",
  "grant": {
    "facebook": {
      "key": "SDC_FB_API_KEY",
      "secret": "SDC_FB_API_SECRET"
    },
    "reddit": {
      "key": "SDC_REDDIT_API_KEY",
      "secret": "SDC_REDDIT_API_SECRET"
    },
    "server": {
      "host": "SDC_GRANT_SERVER",
      "protocol": "SDC_GRANT_PROTOCOL"
    }
  },
  "google_analytics_id": "SDC_GOOGLE_ANALYTICS_ID",
  "helmet": {
    "directives": {
      "childSrc": "SDC_HELMET_CHILDSRC",
      "connectSrc": "SDC_HELMET_CONNECTSRC",
      "defaultSrc": "SDC_HELMET_DEFAULTSRC",
      "fontSrc": "SDC_HELMET_FONTSRC",
      "frameAncestors": "SDC_HELMET_FRAMEANCESTORS",
      "imgSrc": "SDC_HELMET_IMGSRC",
      "objectSrc": "SDC_HELMET_OBJECTSRC",
      "scriptSrc": "SDC_HELMET_SCRIPTSRC",
      "styleSrc": "SDC_HELMET_STYLESRC",
      "reportUri": "SDC_HELMET_REPORTURI"
    }
  },
  "img_proxy_prefix": "SDC_IMAGE_PROXY_PREFIX",
  "mixpanel": "SDC_MIXPANEL",
  "newrelic": "SDC_NEWRELIC_LICENSE_KEY",
  "notify": {
    "gcm_key": "SDC_NOTIFY_GCM_KEY"
  },
  "read_only_mode": "SDC_READONLY_MODE",
  "recaptcha": {
    "secret_key": "SDC_RECAPTCHA_SECRET_KEY",
    "site_key": "SDC_RECAPTCHA_SITE_KEY"
  },
  "server_session_secret": "SDC_SESSION_SECRETKEY",
  "site_domain": "SDC_SITE_DOMAIN",
  "upload_image": "SDC_UPLOAD_IMAGE_URL",
  "session_cookie_key": "SDC_SESSION_COOKIE_KEY",
  "steemd_connection_client": "SDC_CLIENT_STEEMD_URL",
  "steemd_connection_server": "SDC_SERVER_STEEMD_URL",
  "chain_id": "SDC_CHAIN_ID",
  "address_prefix": "SDC_ADDRESS_PREFIX",
  "wls_api_url": "SDC_WLS_API_URL",
  "s3": {
    "access_key": "SDC_S3_ACCESS_KEY",
    "secret_key": "SDC_S3_SECRET_KEY",
    "region": "SDC_S3_REGION",
    "endpoint": "SDC_S3_ENDPOINT",
    "signatureVersion": "SDC_S3_SIGVERSION",
    "bucket": "SDC_S3_BUCKET"
  }
}
